schemaVersion,recordType,content.title,content.authors,content.paper_url,content.github_url,content.github_stars,content.published_date,collectedAt
1.0,RESEARCH_PAPER,A Deep Reinforcement Learning Approach for Ramp Metering Based on Traffic Video Data,"Bing Liu, Yu Tang, Yuxiong Ji, Yu Shen, Yuchuan Du",http://arxiv.org/abs/2012.12104v1,,,2020-12-09T05:08:41,2026-09-10T19:42:28.408132
1.0,RESEARCH_PAPER,Rethink AI-based Power Grid Control: Diving Into Algorithm Design,"Xiren Zhou, Siqi Wang, Ruisheng Diao, Desong Bian, Jiahui Duan, Di Shi",http://arxiv.org/abs/2012.13026v1,,,2020-12-23T23:38:41,2026-09-10T19:42:28.408225
1.0,RESEARCH_PAPER,Fuzzy Commitments Offer Insufficient Protection to Biometric Templates Produced by Deep Learning,"Danny Keller, Margarita Osadchy, Orr Dunkelman",http://arxiv.org/abs/2012.13293v1,,,2020-12-24T15:28:33,2026-09-10T19:42:28.408287
1.0,RESEARCH_PAPER,Generalization in portfolio-based algorithm selection,"Maria-Florina Balcan, Tuomas Sandholm, Ellen Vitercik",http://arxiv.org/abs/2012.13315v1,,,2020-12-24T16:33:17,2026-09-10T19:42:28.408326
1.0,RESEARCH_PAPER,"I like fish, especially dolphins: Addressing Contradictions in Dialogue Modeling","Yixin Nie, Mary Williamson, Mohit Bansal, Douwe Kiela, Jason Weston",http://arxiv.org/abs/2012.13391v2,,,2020-12-24T18:47:49,2026-09-10T19:42:28.408361
1.0,RESEARCH_PAPER,Skeleton-based Approaches based on Machine Vision: A Survey,"Jie Li, Binglin Li, Min Gao",http://arxiv.org/abs/2012.12447v1,https://github.com/amranx/Evaluation-of-Skeleton-based-Human-Action-Recognition,0.0,2020-12-23T02:03:37,2026-09-10T19:42:28.408412
1.0,RESEARCH_PAPER,Overview of FPGA deep learning acceleration based on convolutional neural network,Simin Liu,http://arxiv.org/abs/2012.12634v1,,,2020-12-23T12:44:24,2026-09-10T19:42:28.408445
1.0,RESEARCH_PAPER,Modelling Human Routines: Conceptualising Social Practice Theory for Agent-Based Simulation,"Rijk Mercuur, Virginia Dignum, Catholijn M. Jonker",http://arxiv.org/abs/2012.11903v1,,,2020-12-22T10:06:47,2026-09-10T19:42:28.408477
1.0,RESEARCH_PAPER,Dynamic-K Recommendation with Personalized Decision Boundary,"Yan Gao, Jiafeng Guo, Yanyan Lan, Huaming Liao",http://arxiv.org/abs/2012.13569v1,,,2020-12-25T13:02:57,2026-09-10T19:42:28.408508
1.0,RESEARCH_PAPER,Compliance Generation for Privacy Documents under GDPR: A Roadmap for Implementing Automation and Machine Learning,"David Restrepo Amariles, Aurore Clément Troussel, Rajaa El Hamdani",http://arxiv.org/abs/2012.12718v1,,,2020-12-23T14:46:51,2026-09-10T19:42:28.408537
1.0,RESEARCH_PAPER,PaXNet: Dental Caries Detection in Panoramic X-ray using Ensemble Transfer Learning and Capsule Classifier,"Arman Haghanifar, Mahdiyar Molahasani Majdabadi, Seok-Bum Ko",http://arxiv.org/abs/2012.13666v1,,,2020-12-26T03:00:35,2026-09-10T19:42:28.408567
1.0,RESEARCH_PAPER,Toward Compact Data from Big Data," Song-Kyoo,  Kim",http://arxiv.org/abs/2012.13677v1,,,2020-12-26T04:45:40,2026-09-10T19:42:28.408596
1.0,RESEARCH_PAPER,Towards sample-efficient episodic control with DAC-ML,"Ismael T. Freire, Adrián F. Amil, Vasiliki Vouloutsi, Paul F. M. J. Verschure",http://arxiv.org/abs/2012.13779v1,,,2020-12-26T16:38:08,2026-09-10T19:42:28.408623
1.0,RESEARCH_PAPER,Neural document expansion for ad-hoc information retrieval,"Cheng Tang, Andrew Arnold",http://arxiv.org/abs/2012.14005v1,,,2020-12-27T20:00:08,2026-09-10T19:42:28.408651
1.0,RESEARCH_PAPER,Devil is in the Edges: Learning Semantic Boundaries from Noisy Annotations,"David Acuna, Amlan Kar, Sanja Fidler",http://arxiv.org/abs/1904.07934v2,,,2019-04-16T19:16:57,2026-09-10T19:42:28.408682
1.0,RESEARCH_PAPER,How to define co-occurrence in different domains of study?,Mathieu Roche,http://arxiv.org/abs/1904.08010v1,,,2019-04-16T23:16:56,2026-09-10T19:42:28.408710
1.0,RESEARCH_PAPER,Decision Making with Machine Learning and ROC Curves,"Kai Feng, Han Hong, Ke Tang, Jingyuan Wang",http://arxiv.org/abs/1905.02810v1,,,2019-05-05T08:01:23,2026-09-10T19:42:28.408738
1.0,RESEARCH_PAPER,Feature Selection and Feature Extraction in Pattern Analysis: A Literature Review,"Benyamin Ghojogh, Maria N. Samad, Sayema Asif Mashhadi, Tania Kapoor, Wahab Ali, Fakhri Karray, Mark Crowley",http://arxiv.org/abs/1905.02845v1,https://github.com/Yimeng-Zhang/feature-engineering-and-feature-selection,1656.0,2019-05-07T23:41:34,2026-09-10T19:42:28.408779
1.0,RESEARCH_PAPER,AI-Powered Text Generation for Harmonious Human-Machine Interaction: Current State and Future Directions,"Qiuyun Zhang, Bin Guo, Hao Wang, Yunji Liang, Shaoyang Hao, Zhiwen Yu",http://arxiv.org/abs/1905.01984v1,,,2019-05-01T23:26:38,2026-09-10T19:42:28.408809
1.0,RESEARCH_PAPER,Conditioning LSTM Decoder and Bi-directional Attention Based Question Answering System,Heguang Liu,http://arxiv.org/abs/1905.02019v1,,,2019-05-02T01:07:20,2026-09-10T19:42:28.408836
1.0,RESEARCH_PAPER,2-bit Model Compression of Deep Convolutional Neural Network on ASIC Engine for Image Retrieval,"Bin Yang, Lin Yang, Xiaochun Li, Wenhan Zhang, Hua Zhou, Yequn Zhang, Yongxiong Ren, Yinbo Shi",http://arxiv.org/abs/1905.03362v1,,,2019-05-08T21:48:42,2026-09-10T19:42:28.408864
1.0,RESEARCH_PAPER,Variable Neighborhood Search for the Bin Packing Problem with Compatible Categories,"Luiz F. O. Moura Santos, Hugo T. Y. Yoshizaki, Claudio B. Cunha",http://arxiv.org/abs/1905.03427v1,https://github.com/Valdecy/Metaheuristic-Local_Search-Variable_Neighborhood_Search,27.0,2019-05-09T03:14:15,2026-09-10T19:42:28.408899
1.0,RESEARCH_PAPER,Robust Federated Training via Collaborative Machine Teaching using Trusted Instances,"Yufei Han, Xiangliang Zhang",http://arxiv.org/abs/1905.02941v1,,,2019-05-08T07:27:04,2026-09-10T19:42:28.408926
1.0,RESEARCH_PAPER,Image Matters: Scalable Detection of Offensive and Non-Compliant Content / Logo in Product Images,"Shreyansh Gandhi, Samrat Kokkula, Abon Chaudhuri, Alessandro Magnani, Theban Stanley, Behzad Ahmadi, Venkatesh Kandaswamy, Omer Ovenc, Shie Mannor",http://arxiv.org/abs/1905.02234v2,,,2019-05-06T18:35:28,2026-09-10T19:42:28.408953
1.0,RESEARCH_PAPER,ARCHANGEL: Tamper-proofing Video Archives using Temporal Content Hashes on the Blockchain,"Tu Bui, Daniel Cooper, John Collomosse, Mark Bell, Alex Green, John Sheridan, Jez Higgins, Arindra Das, Jared Keller, Olivier Thereaux, Alan Brown",http://arxiv.org/abs/1904.12059v1,,,2019-04-26T21:59:02,2026-09-10T19:42:28.408981
1.0,RESEARCH_PAPER,Semantic Referee: A Neural-Symbolic Framework for Enhancing Geospatial Semantic Segmentation,"Marjan Alirezaie, Martin Längkvist, Michael Sioutis, Amy Loutfi",http://arxiv.org/abs/1904.13196v1,,,2019-04-30T12:44:22,2026-09-10T19:42:28.409008
1.0,RESEARCH_PAPER,Relation-Shape Convolutional Neural Network for Point Cloud Analysis,"Yongcheng Liu, Bin Fan, Shiming Xiang, Chunhong Pan",http://arxiv.org/abs/1904.07601v3,,,2019-04-16T11:28:51,2026-09-10T19:42:28.409036
1.0,RESEARCH_PAPER,Contextual Aware Joint Probability Model Towards Question Answering System,"Liu Yang, Lijing Song",http://arxiv.org/abs/1904.08109v1,,,2019-04-17T07:16:10,2026-09-10T19:42:28.409066
1.0,RESEARCH_PAPER,Bayesian policy selection using active inference,"Ozan Çatal, Johannes Nauta, Tim Verbelen, Pieter Simoens, Bart Dhoedt",http://arxiv.org/abs/1904.08149v2,,,2019-04-17T09:18:07,2026-09-10T19:42:28.409101
1.0,RESEARCH_PAPER,Downhole Track Detection via Multiscale Conditional Generative Adversarial Nets,"Jia Li, Xing Wei, Guoqiang Yang, Xiao Sun, Changliang Li",http://arxiv.org/abs/1904.08177v1,,,2019-04-17T10:50:37,2026-09-10T19:42:28.409132
1.0,RESEARCH_PAPER,Exploration of Self-Propelling Droplets Using a Curiosity Driven Robotic Assistant,"Jonathan Grizou, Laurie J. Points, Abhishek Sharma, Leroy Cronin",http://arxiv.org/abs/1904.12635v1,,,2019-04-22T22:17:34,2026-09-10T19:42:28.409186
1.0,RESEARCH_PAPER,Unsupervised Data Augmentation for Consistency Training,"Qizhe Xie, Zihang Dai, Eduard Hovy, Minh-Thang Luong, Quoc V. Le",http://arxiv.org/abs/1904.12848v6,https://github.com/Jongchan/unsupervised_data_augmentation_pytorch,23.0,2019-04-29T17:56:59,2026-09-10T19:42:28.409246
1.0,RESEARCH_PAPER,Challenges of Real-World Reinforcement Learning,"Gabriel Dulac-Arnold, Daniel Mankowitz, Todd Hester",http://arxiv.org/abs/1904.12901v1,https://github.com/Tobi-Tob/TransformersForEnergyManagement,10.0,2019-04-29T18:40:15,2026-09-10T19:42:28.409303
1.0,RESEARCH_PAPER,Coevo: a collaborative design platform with artificial agents,"Gerard Serra, David Miralles",http://arxiv.org/abs/1904.13333v1,,,2019-04-30T15:55:34,2026-09-10T19:42:28.409355
1.0,RESEARCH_PAPER,GazeCorrection:Self-Guided Eye Manipulation in the wild using Self-Supervised Generative Adversarial Networks,"Jichao Zhang, Meng Sun, Jingjing Chen, Hao Tang, Yan Yan, Xueying Qin, Nicu Sebe",http://arxiv.org/abs/1906.00805v1,,,2019-06-03T13:43:01,2026-09-10T19:42:28.409407
1.0,RESEARCH_PAPER,From Words to Sentences: A Progressive Learning Approach for Zero-resource Machine Translation with Visual Pivots,"Shizhe Chen, Qin Jin, Jianlong Fu",http://arxiv.org/abs/1906.00872v1,,,2019-06-03T15:28:48,2026-09-10T19:42:28.409460
1.0,RESEARCH_PAPER,Neural networks grown and self-organized by noise,"Guruprasad Raghavan, Matt Thomson",http://arxiv.org/abs/1906.01039v1,,,2019-06-03T19:33:39,2026-09-10T19:42:28.409513
1.0,RESEARCH_PAPER,Analysis and Improvement of Adversarial Training in DQN Agents With Adversarially-Guided Exploration (AGE),"Vahid Behzadan, William Hsu",http://arxiv.org/abs/1906.01119v1,,,2019-06-03T23:31:25,2026-09-10T19:42:28.409569
1.0,RESEARCH_PAPER,Adversarial Exploitation of Policy Imitation,"Vahid Behzadan, William Hsu",http://arxiv.org/abs/1906.01121v1,,,2019-06-03T23:38:33,2026-09-10T19:42:28.409660
1.0,RESEARCH_PAPER,Sequential Triggers for Watermarking of Deep Reinforcement Learning Policies,"Vahid Behzadan, William Hsu",http://arxiv.org/abs/1906.01126v1,,,2019-06-03T23:42:44,2026-09-10T19:42:28.409713
1.0,RESEARCH_PAPER,Rapidly-Exploring Quotient-Space Trees: Motion Planning using Sequential Simplifications,"Andreas Orthey, Marc Toussaint",http://arxiv.org/abs/1906.01350v2,,,2019-06-04T11:23:38,2026-09-10T19:42:28.409764
1.0,RESEARCH_PAPER,Autonomous Reinforcement Learning of Multiple Interrelated Tasks,"Vieri Giuliano Santucci, Gianluca Baldassarre, Emilio Cartoni",http://arxiv.org/abs/1906.01374v1,,,2019-06-04T12:30:04,2026-09-10T19:42:28.409822
1.0,RESEARCH_PAPER,Hierarchical Decision Making by Generating and Following Natural Language Instructions,"Hengyuan Hu, Denis Yarats, Qucheng Gong, Yuandong Tian, Mike Lewis",http://arxiv.org/abs/1906.00744v5,,,2019-06-03T12:28:50,2026-09-10T19:42:28.409874
1.0,RESEARCH_PAPER,RL4health: Crowdsourcing Reinforcement Learning for Knee Replacement Pathway Optimization,"Hao Lu, Mengdi Wang",http://arxiv.org/abs/1906.01407v1,,,2019-05-24T22:12:02,2026-09-10T19:42:28.409924
1.0,RESEARCH_PAPER,Knowledge-augmented Column Networks: Guiding Deep Learning with Advice,"Mayukh Das, Devendra Singh Dhami, Yang Yu, Gautam Kunapuli, Sriraam Natarajan",http://arxiv.org/abs/1906.01432v1,,,2019-05-31T21:09:21,2026-09-10T19:42:28.409976
1.0,RESEARCH_PAPER,Options as responses: Grounding behavioural hierarchies in multi-agent RL,"Alexander Sasha Vezhnevets, Yuhuai Wu, Remi Leblond, Joel Z. Leibo",http://arxiv.org/abs/1906.01470v3,,,2019-06-04T14:18:47,2026-09-10T19:42:28.410033
1.0,RESEARCH_PAPER,Embedded hyper-parameter tuning by Simulated Annealing,"Matteo Fischetti, Matteo Stringher",http://arxiv.org/abs/1906.01504v1,,,2019-06-04T15:14:36,2026-09-10T19:42:28.410083
1.0,RESEARCH_PAPER,Privacy-preserving Crowd-guided AI Decision-making in Ethical Dilemmas,"Teng Wang, Jun Zhao, Han Yu, Jinyan Liu, Xinyu Yang, Xuebin Ren, Shuyu Shi",http://arxiv.org/abs/1906.01562v2,,,2019-06-04T16:27:47,2026-09-10T19:42:28.410135
1.0,RESEARCH_PAPER,Fair Classification via Unconstrained Optimization,Ibrahim Alabdulmohsin,http://arxiv.org/abs/2005.14621v1,,,2020-05-21T11:29:05,2026-09-10T19:42:28.410188
1.0,RESEARCH_PAPER,Unlucky Explorer: A Complete non-Overlapping Map Exploration,"Mohammad Sina Kiarostami, Saleh Khalaj Monfared, Mohammadreza Daneshvaramoli, Ali Oliayi, Negar Yousefian, Dara Rahmati, Saeid Gorgin",http://arxiv.org/abs/2005.14156v1,,,2020-05-28T17:19:24,2026-09-10T19:42:28.410241
1.0,RESEARCH_PAPER,Algorithm Selection Framework for Cyber Attack Detection,"Marc Chalé, Nathaniel D. Bastian, Jeffery Weir",http://arxiv.org/abs/2005.14230v1,,,2020-05-28T18:49:29,2026-09-10T19:42:28.410294
1.0,RESEARCH_PAPER,Efficient AutoML Pipeline Search with Matrix and Tensor Factorization,"Chengrun Yang, Jicong Fan, Ziyang Wu, Madeleine Udell",http://arxiv.org/abs/2006.04216v1,,,2020-06-07T18:08:48,2026-09-10T19:42:28.410346
1.0,RESEARCH_PAPER,Randomized Policy Learning for Continuous State and Action MDPs,"Hiteshi Sharma, Rahul Jain",http://arxiv.org/abs/2006.04331v2,,,2020-06-08T02:49:47,2026-09-10T19:42:28.410400
1.0,RESEARCH_PAPER,An ASP approach for reasoning in a concept-aware multipreferential lightweight DL,"Laura Giordano, Daniele Theseider Dupré",http://arxiv.org/abs/2006.04387v2,,,2020-06-08T07:15:38,2026-09-10T19:42:28.410452
1.0,RESEARCH_PAPER,CAST: A Correlation-based Adaptive Spectral Clustering Algorithm on Multi-scale Data,"Xiang Li, Ben Kao, Caihua Shan, Dawei Yin, Martin Ester",http://arxiv.org/abs/2006.04435v1,,,2020-06-08T09:46:35,2026-09-10T19:42:28.410503
1.0,RESEARCH_PAPER,Learning under Invariable Bayesian Safety,"Gal Bahar, Omer Ben-Porat, Kevin Leyton-Brown, Moshe Tennenholtz",http://arxiv.org/abs/2006.04497v1,,,2020-06-08T12:07:59,2026-09-10T19:42:28.410554
1.0,RESEARCH_PAPER,Policy-focused Agent-based Modeling using RL Behavioral Models,"Osonde A. Osoba, Raffaele Vardavas, Justin Grana, Rushil Zutshi, Amber Jaycocks",http://arxiv.org/abs/2006.05048v3,,,2020-06-09T04:55:07,2026-09-10T19:42:28.410617
1.0,RESEARCH_PAPER,Supervised Whole DAG Causal Discovery,"Hebi Li, Qi Xiao, Jin Tian",http://arxiv.org/abs/2006.04697v1,,,2020-06-08T15:53:20,2026-09-10T19:42:28.410671
1.0,RESEARCH_PAPER,CycleGT: Unsupervised Graph-to-Text and Text-to-Graph Generation via Cycle Training,"Qipeng Guo, Zhijing Jin, Xipeng Qiu, Weinan Zhang, David Wipf, Zheng Zhang",http://arxiv.org/abs/2006.04702v3,,,2020-06-08T15:59:00,2026-09-10T19:42:28.410723
1.0,RESEARCH_PAPER,Principles to Practices for Responsible AI: Closing the Gap,"Daniel Schiff, Bogdana Rakova, Aladdin Ayesh, Anat Fanti, Michael Lennon",http://arxiv.org/abs/2006.04707v1,,,2020-06-08T16:04:44,2026-09-10T19:42:28.410773
1.0,RESEARCH_PAPER,Mathematical Reasoning via Self-supervised Skip-tree Training,"Markus N. Rabe, Dennis Lee, Kshitij Bansal, Christian Szegedy",http://arxiv.org/abs/2006.04757v3,,,2020-06-08T17:12:08,2026-09-10T19:42:28.410830
1.0,RESEARCH_PAPER,Reinforcement Learning for Multi-Product Multi-Node Inventory Management in Supply Chains,"Nazneen N Sultana, Hardik Meisheri, Vinita Baniwal, Somjit Nath, Balaraman Ravindran, Harshad Khadilkar",http://arxiv.org/abs/2006.04037v1,,,2020-06-07T04:02:59,2026-09-10T19:42:28.410887
1.0,RESEARCH_PAPER,An Empirical Meta-analysis of the Life Sciences (Linked?) Open Data on the Web,"Maulik R. Kamdar, Mark A. Musen",http://arxiv.org/abs/2006.04161v1,,,2020-06-07T14:26:32,2026-09-10T19:42:28.410938
1.0,RESEARCH_PAPER,DeepFair: Deep Learning for Improving Fairness in Recommender Systems,"Jesús Bobadilla, Raúl Lara-Cabrera, Ángel González-Prieto, Fernando Ortega",http://arxiv.org/abs/2006.05255v1,,,2020-06-09T13:39:38,2026-09-10T19:42:28.410990
1.0,RESEARCH_PAPER,Towards United Reasoning for Automatic Induction in Isabelle/HOL,Yutaka Nagashima,http://arxiv.org/abs/2005.12737v1,,,2020-05-25T08:30:05,2026-09-10T19:42:28.411041
1.0,RESEARCH_PAPER,BHN: A Brain-like Heterogeneous Network,Tao Liu,http://arxiv.org/abs/2005.12826v2,,,2020-05-26T16:02:38,2026-09-10T19:42:28.411095
1.0,RESEARCH_PAPER,Applying Evolutionary Metaheuristics for Parameter Estimation of Individual-Based Models,"Antonio Prestes García, Alfonso Rodríguez-Patón",http://arxiv.org/abs/2005.12841v1,,,2020-05-24T07:48:27,2026-09-10T19:42:28.411149
1.0,RESEARCH_PAPER,GoChat: Goal-oriented Chatbots with Hierarchical Reinforcement Learning,"Jianfeng Liu, Feiyang Pan, Ling Luo",http://arxiv.org/abs/2005.11729v2,,,2020-05-24T12:14:19,2026-09-10T19:42:28.411202
1.0,RESEARCH_PAPER,"Breiman's ""Two Cultures"" Revisited and Reconciled"," Subhadeep,  Mukhopadhyay, Kaijun Wang",http://arxiv.org/abs/2005.13596v1,,,2020-05-27T19:02:56,2026-09-10T19:42:28.411253
1.0,RESEARCH_PAPER,Opportunistic Multi-aspect Fairness through Personalized Re-ranking,"Nasim Sonboli, Farzad Eskandanian, Robin Burke, Weiwen Liu, Bamshad Mobasher",http://arxiv.org/abs/2005.12974v1,,,2020-05-21T04:25:20,2026-09-10T19:42:28.411304
1.0,RESEARCH_PAPER,Learning LWF Chain Graphs: an Order Independent Algorithm,"Mohammad Ali Javidian, Marco Valtorta, Pooyan Jamshidi",http://arxiv.org/abs/2005.14037v1,,,2020-05-27T01:05:49,2026-09-10T19:42:28.411355
1.0,RESEARCH_PAPER,Chat as Expected: Learning to Manipulate Black-box Neural Dialogue Models,"Haochen Liu, Zhiwei Wang, Tyler Derr, Jiliang Tang",http://arxiv.org/abs/2005.13170v1,,,2020-05-27T05:34:12,2026-09-10T19:42:28.411407
1.0,RESEARCH_PAPER,Beware the evolving 'intelligent' web service! An integration architecture tactic to guard AI-first components,"Alex Cummaudo, Scott Barnett, Rajesh Vasa, John Grundy, Mohamed Abdelrazek",http://arxiv.org/abs/2005.13186v1,,,2020-05-27T06:15:18,2026-09-10T19:42:28.411461
1.0,RESEARCH_PAPER,From Probability to Consilience: How Explanatory Values Implement Bayesian Reasoning,"Zachary Wojtowicz, Simon DeDeo",http://arxiv.org/abs/2006.02359v1,,,2020-06-03T16:11:45,2026-09-10T19:42:28.411515
1.0,RESEARCH_PAPER,Fairness-Aware Explainable Recommendation over Knowledge Graphs,"Zuohui Fu, Yikun Xian, Ruoyuan Gao, Jieyu Zhao, Qiaoying Huang, Yingqiang Ge, Shuyuan Xu, Shijie Geng, Chirag Shah, Yongfeng Zhang, Gerard de Melo",http://arxiv.org/abs/2006.02046v2,,,2020-06-03T05:04:38,2026-09-10T19:42:28.411570
1.0,RESEARCH_PAPER,An ExpTime Upper Bound for $\mathcal{ALC}$ with Integers (Extended Version),"Nadia Labai, Magdalena Ortiz, Mantas Šimkus",http://arxiv.org/abs/2006.02078v1,,,2020-06-03T07:28:39,2026-09-10T19:42:28.412010
1.0,RESEARCH_PAPER,A Mixed Initiative Semantic Web Framework for Process Composition,"Jinghai Rao, Dimitar Dimitrov, Paul Hofmann, Norman Sadeh",http://arxiv.org/abs/2006.02168v1,,,2020-06-03T11:02:31,2026-09-10T19:42:28.412261
1.0,RESEARCH_PAPER,A novel approach for multi-agent cooperative pursuit to capture grouped evaders,"Muhammad Zuhair Qadir, Songhao Piao, Haiyang Jiang, Mohammed El Habib Souidi",http://arxiv.org/abs/2006.01022v2,,,2020-06-01T15:39:58,2026-09-10T19:42:28.412401
1.0,RESEARCH_PAPER,Invariant Policy Optimization: Towards Stronger Generalization in Reinforcement Learning,"Anoopkumar Sonar, Vincent Pacelli, Anirudha Majumdar",http://arxiv.org/abs/2006.01096v3,,,2020-06-01T17:28:19,2026-09-10T19:42:28.412649
1.0,RESEARCH_PAPER,Revisiting Bounded-Suboptimal Safe Interval Path Planning,"Konstantin Yakovlev, Anton Andreychuk, Roni Stern",http://arxiv.org/abs/2006.01195v1,,,2020-06-01T18:42:52,2026-09-10T19:42:28.412802
1.0,RESEARCH_PAPER,Coordinating Multiagent Industrial Symbiosis,"Vahid Yazdanpanah, Devrim Murat Yazan, W. Henk M. Zijm",http://arxiv.org/abs/2006.01784v1,,,2020-06-02T17:05:43,2026-09-10T19:42:28.412879
1.0,RESEARCH_PAPER,Towards Ranking-based Semantics for Abstract Argumentation using Conditional Logic Semantics,"Kenneth Skiba, Matthias Thimm",http://arxiv.org/abs/2008.02735v1,,,2020-08-05T08:34:16,2026-09-10T19:42:28.413216
1.0,RESEARCH_PAPER,EasyRL: A Simple and Extensible Reinforcement Learning Framework,"Neil Hulbert, Sam Spillers, Brandon Francis, James Haines-Temons, Ken Gil Romero, Benjamin De Jager, Sam Wong, Kevin Flora, Bowei Huang, Athirai A. Irissappane",http://arxiv.org/abs/2008.01700v2,,,2020-08-04T17:02:56,2026-09-10T19:42:28.413341
1.0,RESEARCH_PAPER,The Emergence of Adversarial Communication in Multi-Agent Reinforcement Learning,"Jan Blumenkamp, Amanda Prorok",http://arxiv.org/abs/2008.02616v2,,,2020-08-06T12:48:08,2026-09-10T19:42:28.413424
1.0,RESEARCH_PAPER,Deep Reinforcement Learning for Tactile Robotics: Learning to Type on a Braille Keyboard,"Alex Church, John Lloyd, Raia Hadsell, Nathan F. Lepora",http://arxiv.org/abs/2008.02646v1,,,2020-08-06T13:29:05,2026-09-10T19:42:28.413490
1.0,RESEARCH_PAPER,eclingo: A solver for Epistemic Logic Programs,"Pedro Cabalar, Jorge Fandinno, Javier Garea, Javier Romero, Torsten Schaub",http://arxiv.org/abs/2008.02018v1,,,2020-08-05T09:32:05,2026-09-10T19:42:28.413552
1.0,RESEARCH_PAPER,Axiom-based Grad-CAM: Towards Accurate Visualization and Explanation of CNNs,"Ruigang Fu, Qingyong Hu, Xiaohu Dong, Yulan Guo, Yinghui Gao, Biao Li",http://arxiv.org/abs/2008.02312v4,,,2020-08-05T18:42:33,2026-09-10T19:42:28.413613
1.0,RESEARCH_PAPER,COVID-19 in differential diagnosis of online symptom assessments,"Anitha Kannan, Richard Chen, Vignesh Venkataraman, Geoffrey J. Tso, Xavier Amatriain",http://arxiv.org/abs/2008.03323v3,,,2020-08-07T18:10:42,2026-09-10T19:42:28.413672
1.0,RESEARCH_PAPER,Wikidata Constraints on MARS (Extended Technical Report),"David L. Martin, Peter F. Patel-Schneider",http://arxiv.org/abs/2008.03900v2,,,2020-08-10T04:49:02,2026-09-10T19:42:28.413728
1.0,RESEARCH_PAPER,Purely Bayesian counterfactuals versus Newcomb's paradox,Lê Nguyên Hoang,http://arxiv.org/abs/2008.04256v1,,,2020-08-10T16:56:48,2026-09-10T19:42:28.413782
1.0,RESEARCH_PAPER,Fault-Tolerant Control of Degrading Systems with On-Policy Reinforcement Learning,"Ibrahim Ahmed, Marcos Quiñones-Grueiro, Gautam Biswas",http://arxiv.org/abs/2008.04407v1,,,2020-08-10T20:42:59,2026-09-10T19:42:28.413867
1.0,RESEARCH_PAPER,SMT-based Safety Verification of Parameterised Multi-Agent Systems,"Paolo Felli, Alessandro Gianola, Marco Montali",http://arxiv.org/abs/2008.04774v2,,,2020-08-11T15:24:05,2026-09-10T19:42:28.413924
1.0,RESEARCH_PAPER,Learning abstract structure for drawing by efficient motor program induction,"Lucas Y. Tian, Kevin Ellis, Marta Kryven, Joshua B. Tenenbaum",http://arxiv.org/abs/2008.03519v1,,,2020-08-08T13:31:14,2026-09-10T19:42:28.413978
1.0,RESEARCH_PAPER,Distributed Deep Reinforcement Learning for Functional Split Control in Energy Harvesting Virtualized Small Cells,"Dagnachew Azene Temesgene, Marco Miozzo, Deniz Gündüz, Paolo Dini",http://arxiv.org/abs/2008.04105v1,,,2020-08-07T12:27:01,2026-09-10T19:42:28.414036
1.0,RESEARCH_PAPER,Proof-Carrying Plans: a Resource Logic for AI Planning,"Alasdair Hill, Ekaterina Komendantskaya, Ronald P. A. Petrick",http://arxiv.org/abs/2008.04165v2,,,2020-08-10T14:45:52,2026-09-10T19:42:28.414088
1.0,RESEARCH_PAPER,Risk-Sensitive Markov Decision Processes with Combined Metrics of Mean and Variance,Li Xia,http://arxiv.org/abs/2008.03707v1,,,2020-08-09T10:35:35,2026-09-10T19:42:28.414141
1.0,RESEARCH_PAPER,Neural Manipulation Planning on Constraint Manifolds,"Ahmed H. Qureshi, Jiangeng Dong, Austin Choe, Michael C. Yip",http://arxiv.org/abs/2008.03787v1,,,2020-08-09T18:58:10,2026-09-10T19:42:28.414195
1.0,RESEARCH_PAPER,Metaheuristics for the operating theater planning and scheduling: A systematic review,"Amirhossein Moosavi, Onur Ozturk",http://arxiv.org/abs/2008.04970v1,,,2020-08-11T19:13:31,2026-09-10T19:42:28.414247
1.0,RESEARCH_PAPER,"Sistema experto para el diagnóstico de enfermedades y plagas en los cultivos del arroz, tabaco, tomate, pimiento, maíz, pepino y frijol","Ing. Yosvany Medina Carbó, MSc. Iracely Milagros Santana Ges, Lic. Saily Leo González",http://arxiv.org/abs/2007.11038v1,,,2020-07-21T18:39:37,2026-09-10T19:42:28.414299
1.0,RESEARCH_PAPER,Transfer Deep Reinforcement Learning-enabled Energy Management Strategy for Hybrid Tracked Vehicle,"Xiaowei Guo, Teng Liu, Bangbei Tang, Xiaolin Tang, Jinwei Zhang, Wenhao Tan, Shufeng Jin",http://arxiv.org/abs/2007.08690v1,,,2020-07-16T23:39:34,2026-09-10T19:42:28.414356
1.0,RESEARCH_PAPER,"Toward Machine-Guided, Human-Initiated Explanatory Interactive Learning","Teodora Popordanoska, Mohit Kumar, Stefano Teso",http://arxiv.org/abs/2007.10018v1,,,2020-07-20T11:51:31,2026-09-10T19:42:28.414412
1.0,RESEARCH_PAPER,Multi-Principal Assistance Games,"Arnaud Fickinger, Simon Zhuang, Dylan Hadfield-Menell, Stuart Russell",http://arxiv.org/abs/2007.09540v1,,,2020-07-19T00:23:25,2026-09-10T19:42:28.414466
1.0,RESEARCH_PAPER,Phase Transition Behavior in Knowledge Compilation,"Rahul Gupta, Subhajit Roy, Kuldeep S. Meel",http://arxiv.org/abs/2007.10400v1,,,2020-07-20T18:36:27,2026-09-10T19:42:28.414522
1.0,RESEARCH_PAPER,Non-Markov Policies to Reduce Sequential Failures in Robot Bin Picking,"Kate Sanders, Michael Danielczuk, Jeffrey Mahler, Ajay Tanwani, Ken Goldberg",http://arxiv.org/abs/2007.10420v1,,,2020-07-20T19:20:40,2026-09-10T19:42:28.414575
1.0,RESEARCH_PAPER,Event Prediction in the Big Data Era: A Systematic Survey,Liang Zhao,http://arxiv.org/abs/2007.09815v3,,,2020-07-19T23:24:52,2026-09-10T19:42:28.414629
1.0,RESEARCH_PAPER,An Ontological AI-and-Law Framework for the Autonomous Levels of AI Legal Reasoning,Lance Eliot,http://arxiv.org/abs/2008.07328v1,,,2020-08-04T16:12:30,2026-09-10T19:42:28.414682
1.0,RESEARCH_PAPER,Safe Reinforcement Learning in Constrained Markov Decision Processes,"Akifumi Wachi, Yanan Sui",http://arxiv.org/abs/2008.06626v1,,,2020-08-15T02:20:23,2026-09-10T19:42:28.414737
1.0,RESEARCH_PAPER,Explainability in Deep Reinforcement Learning,"Alexandre Heuillet, Fabien Couthouis, Natalia Díaz-Rodríguez",http://arxiv.org/abs/2008.06693v4,,,2020-08-15T10:11:42,2026-09-10T19:42:28.414791
1.0,RESEARCH_PAPER,Autonomous Braking and Throttle System: A Deep Reinforcement Learning Approach for Naturalistic Driving,"Varshit S. Dubey, Ruhshad Kasad, Karan Agrawal",http://arxiv.org/abs/2008.06696v1,,,2020-08-15T10:37:07,2026-09-10T19:42:28.414843
1.0,RESEARCH_PAPER,Model Patching: Closing the Subgroup Performance Gap with Data Augmentation,"Karan Goel, Albert Gu, Yixuan Li, Christopher Ré",http://arxiv.org/abs/2008.06775v1,,,2020-08-15T20:01:23,2026-09-10T19:42:28.414898
1.0,RESEARCH_PAPER,Few-shot Visual Reasoning with Meta-analogical Contrastive Learning,"Youngsung Kim, Jinwoo Shin, Eunho Yang, Sung Ju Hwang",http://arxiv.org/abs/2007.12020v1,,,2020-07-23T14:00:34,2026-09-10T19:42:28.414950
1.0,RESEARCH_PAPER,Semi-supervised Learning From Demonstration Through Program Synthesis: An Inspection Robot Case Study,"Simón C. Smith, Subramanian Ramamoorthy",http://arxiv.org/abs/2007.12500v1,,,2020-07-23T01:32:21,2026-09-10T19:42:28.415002
1.0,RESEARCH_PAPER,On the Programmatic Generation of Reproducible Documents,"Michael J. Kane, Simon Urbanek",http://arxiv.org/abs/2007.12631v1,,,2020-06-23T22:32:58,2026-09-10T19:42:28.415054
1.0,RESEARCH_PAPER,Towards Automated Discovery of Geometrical Theorems in GeoGebra,"Zoltán Kovács, Jonathan H. Yu",http://arxiv.org/abs/2007.12447v1,,,2020-07-24T10:59:39,2026-09-10T19:42:28.415104
1.0,RESEARCH_PAPER,Toward the quantification of cognition,Richard Granger,http://arxiv.org/abs/2008.05580v1,,,2020-08-12T21:45:29,2026-09-10T19:42:28.415153
1.0,RESEARCH_PAPER,A Knowledge Graph for Assessing Aggressive Tax Planning Strategies,"Niklas Lüdemann, Ageda Shiba, Nikolaos Thymianis, Nicolas Heist, Christopher Ludwig, Heiko Paulheim",http://arxiv.org/abs/2008.05239v3,,,2020-08-12T11:19:36,2026-09-10T19:42:28.415205
1.0,RESEARCH_PAPER,"Look, Listen, and Attend: Co-Attention Network for Self-Supervised Audio-Visual Representation Learning","Ying Cheng, Ruize Wang, Zhihao Pan, Rui Feng, Yuejie Zhang",http://arxiv.org/abs/2008.05789v1,,,2020-08-13T10:08:12,2026-09-10T19:42:28.415257
1.0,RESEARCH_PAPER,Visuomotor Mechanical Search: Learning to Retrieve Target Objects in Clutter,"Andrey Kurenkov, Joseph Taglic, Rohun Kulkarni, Marcus Dominguez-Kuhne, Animesh Garg, Roberto Martín-Martín, Silvio Savarese",http://arxiv.org/abs/2008.06073v1,,,2020-08-13T18:23:00,2026-09-10T19:42:28.415308
1.0,RESEARCH_PAPER,Probing Neural Dialog Models for Conversational Understanding,"Abdelrhman Saleh, Tovly Deutsch, Stephen Casper, Yonatan Belinkov, Stuart Shieber",http://arxiv.org/abs/2006.08331v1,,,2020-06-07T17:32:00,2026-09-10T19:42:28.415359
1.0,RESEARCH_PAPER,An Algorithm to find Superior Fitness on NK Landscapes under High Complexity: Muddling Through,"Sasanka Sekhar Chanda, Sai Yayavaram",http://arxiv.org/abs/2006.08333v2,,,2020-06-06T11:08:20,2026-09-10T19:42:28.415409
1.0,RESEARCH_PAPER,Group Decision Support for agriculture planning by a combination of Mathematical Model and Collaborative Tool,"Pascale Zaraté, Alemany Mme, Ana Esteso Alvarez, Amir Sakka, Guy Camilleri",http://arxiv.org/abs/2006.08151v1,,,2020-06-15T06:12:04,2026-09-10T19:42:28.415473
1.0,RESEARCH_PAPER,Adaptive Reinforcement Learning through Evolving Self-Modifying Neural Networks,Samuel Schmidgall,http://arxiv.org/abs/2006.05832v1,,,2020-05-22T02:24:44,2026-09-10T19:42:28.415533
1.0,RESEARCH_PAPER,ClarQ: A large-scale and diverse dataset for Clarification Question Generation,"Vaibhav Kumar, Alan W. black",http://arxiv.org/abs/2006.05986v2,,,2020-06-10T17:56:50,2026-09-10T19:42:28.415584
1.0,RESEARCH_PAPER,Modified Possibilistic Fuzzy C-Means Algorithm for Clustering Incomplete Data Sets," Rustam, Koredianto Usman, Mudyawati Kamaruddin, Dina Chamidah,  Nopendri, Khaerudin Saleh, Yulinda Eliskar, Ismail Marzuki",http://arxiv.org/abs/2007.04908v2,,,2020-07-09T16:12:11,2026-09-10T19:42:28.415636
1.0,RESEARCH_PAPER,A Cordial Sync: Going Beyond Marginal Policies for Multi-Agent Embodied Tasks,"Unnat Jain, Luca Weihs, Eric Kolve, Ali Farhadi, Svetlana Lazebnik, Aniruddha Kembhavi, Alexander Schwing",http://arxiv.org/abs/2007.04979v1,,,2020-07-09T17:59:57,2026-09-10T19:42:28.415687
1.0,RESEARCH_PAPER,Learning Abstract Models for Strategic Exploration and Fast Reward Transfer,"Evan Zheran Liu, Ramtin Keramati, Sudarshan Seshadri, Kelvin Guu, Panupong Pasupat, Emma Brunskill, Percy Liang",http://arxiv.org/abs/2007.05896v1,,,2020-07-12T03:33:50,2026-09-10T19:42:28.415743
1.0,RESEARCH_PAPER,Knowledge Graph Driven Approach to Represent Video Streams for Spatiotemporal Event Pattern Matching in Complex Event Processing,"Piyush Yadav, Dhaval Salwala, Edward Curry",http://arxiv.org/abs/2007.06292v1,,,2020-07-13T10:20:58,2026-09-10T19:42:28.415793
1.0,RESEARCH_PAPER,DinerDash Gym: A Benchmark for Policy Learning in High-Dimensional Action Space,"Siwei Chen, Xiao Ma, David Hsu",http://arxiv.org/abs/2007.06207v1,,,2020-07-13T06:22:55,2026-09-10T19:42:28.415871
1.0,RESEARCH_PAPER,Batch-level Experience Replay with Review for Continual Learning,"Zheda Mai, Hyunwoo Kim, Jihwan Jeong, Scott Sanner",http://arxiv.org/abs/2007.05683v1,,,2020-07-11T05:20:09,2026-09-10T19:42:28.415927
1.0,RESEARCH_PAPER,Opening the Software Engineering Toolbox for the Assessment of Trustworthy AI,"Mohit Kumar Ahuja, Mohamed-Bachir Belaid, Pierre Bernabé, Mathieu Collet, Arnaud Gotlieb, Chhagan Lal, Dusica Marijan, Sagar Sen, Aizaz Sharif, Helge Spieker",http://arxiv.org/abs/2007.07768v2,,,2020-07-14T08:16:15,2026-09-10T19:42:28.415983
1.0,RESEARCH_PAPER,Intelligent requirements engineering from natural language and their chaining toward CAD models,"Alain-Jérôme Fougères, Egon Ostrosi",http://arxiv.org/abs/2007.07825v1,,,2020-07-14T17:53:01,2026-09-10T19:42:28.416034
1.0,RESEARCH_PAPER,Unsupervised Text Generation by Learning from Search,"Jingjing Li, Zichao Li, Lili Mou, Xin Jiang, Michael R. Lyu, Irwin King",http://arxiv.org/abs/2007.08557v1,,,2020-07-09T04:34:48,2026-09-10T19:42:28.416085
1.0,RESEARCH_PAPER,Robust Identifiability in Linear Structural Equation Models of Causal Inference,"Karthik Abinav Sankararaman, Anand Louis, Navin Goyal",http://arxiv.org/abs/2007.06869v1,,,2020-07-14T07:32:36,2026-09-10T19:42:28.416136
1.0,RESEARCH_PAPER,"Lifelong Learning using Eigentasks: Task Separation, Skill Acquisition, and Selective Transfer","Aswin Raghavan, Jesse Hostetler, Indranil Sur, Abrar Rahman, Ajay Divakaran",http://arxiv.org/abs/2007.06918v1,,,2020-07-14T09:06:13,2026-09-10T19:42:28.416188
1.0,RESEARCH_PAPER,Lifelong Policy Gradient Learning of Factored Policies for Faster Training Without Forgetting,"Jorge A. Mendez, Boyu Wang, Eric Eaton",http://arxiv.org/abs/2007.07011v2,,,2020-07-14T13:05:42,2026-09-10T19:42:28.416238
1.0,RESEARCH_PAPER,Goal-Aware Prediction: Learning to Model What Matters,"Suraj Nair, Silvio Savarese, Chelsea Finn",http://arxiv.org/abs/2007.07170v2,,,2020-07-14T16:42:59,2026-09-10T19:42:28.416288
1.0,RESEARCH_PAPER,Learning Accurate and Human-Like Driving using Semantic Maps and Attention,"Simon Hecker, Dengxin Dai, Alexander Liniger, Luc Van Gool",http://arxiv.org/abs/2007.07218v1,,,2020-07-10T22:25:27,2026-09-10T19:42:28.416341
1.0,RESEARCH_PAPER,Strengthening Deterministic Policies for POMDPs,"Leonore Winterer, Ralf Wimmer, Nils Jansen, Bernd Becker",http://arxiv.org/abs/2007.08351v1,,,2020-07-16T14:22:55,2026-09-10T19:42:28.416393
1.0,RESEARCH_PAPER,Specification mining and automated task planning for autonomous robots based on a graph-based spatial temporal logic,"Zhiyu Liu, Meng Jiang, Hai Lin",http://arxiv.org/abs/2007.08451v1,,,2020-07-16T16:40:12,2026-09-10T19:42:28.416445
1.0,RESEARCH_PAPER,PC-PG: Policy Cover Directed Exploration for Provable Policy Gradient Learning,"Alekh Agarwal, Mikael Henaff, Sham Kakade, Wen Sun",http://arxiv.org/abs/2007.08459v2,,,2020-07-16T16:57:41,2026-09-10T19:42:28.416537
1.0,RESEARCH_PAPER,Modular Constraint Solver Cooperation via Abstract Interpretation,"Pierre Talbot, Éric Monfroy, Charlotte Truchet",http://arxiv.org/abs/2008.01415v2,,,2020-08-04T08:52:19,2026-09-10T19:42:28.416591
1.0,RESEARCH_PAPER,"Getting to Know One Another: Calibrating Intent, Capabilities and Trust for Human-Robot Collaboration","Joshua Lee, Jeffrey Fong, Bing Cai Kok, Harold Soh",http://arxiv.org/abs/2008.00699v1,,,2020-08-03T08:04:15,2026-09-10T19:42:28.416641
1.0,RESEARCH_PAPER,Structural Causal Models Are (Solvable by) Credal Networks,"Marco Zaffalon, Alessandro Antonucci, Rafael Cabañas",http://arxiv.org/abs/2008.00463v1,,,2020-08-02T11:19:36,2026-09-10T19:42:28.416689
1.0,RESEARCH_PAPER,Dynamics Generalization via Information Bottleneck in Deep Reinforcement Learning,"Xingyu Lu, Kimin Lee, Pieter Abbeel, Stas Tiomkin",http://arxiv.org/abs/2008.00614v1,,,2020-08-03T02:24:20,2026-09-10T19:42:28.416735
1.0,RESEARCH_PAPER,Exploiting Game Theory for Analysing Justifications,"Simon Marynissen, Bart Bogaerts, Marc Denecker",http://arxiv.org/abs/2008.01609v1,,,2020-08-04T14:45:08,2026-09-10T19:42:28.416788
1.0,RESEARCH_PAPER,Exploring Variational Deep Q Networks,A. H. Bell-Thomas,http://arxiv.org/abs/2008.01641v1,,,2020-08-04T15:36:31,2026-09-10T19:42:28.416836
1.0,RESEARCH_PAPER,Cluster-Based Information Retrieval by using (K-means)- Hierarchical Parallel Genetic Algorithms Approach,"Sarah Hussein Toman, Mohammed Hamzah Abed, Zinah Hussein Toman",http://arxiv.org/abs/2008.00150v1,,,2020-08-01T02:05:58,2026-09-10T19:42:28.416884
1.0,RESEARCH_PAPER,Contrastive Explanations in Neural Networks,"Mohit Prabhushankar, Gukyeong Kwon, Dogancan Temel, Ghassan AlRegib",http://arxiv.org/abs/2008.00178v1,,,2020-08-01T05:50:01,2026-09-10T19:42:28.416936
1.0,RESEARCH_PAPER,Service Chain Composition with Failures in NFV Systems: A Game-Theoretic Perspective,"Simeng Bian, Xi Huang, Ziyu Shao, Xin Gao, Yang Yang",http://arxiv.org/abs/2008.00208v1,,,2020-08-01T07:58:14,2026-09-10T19:42:28.416983
1.0,RESEARCH_PAPER,SemEval-2020 Task 7: Assessing Humor in Edited News Headlines,"Nabil Hossain, John Krumm, Michael Gamon, Henry Kautz",http://arxiv.org/abs/2008.00304v1,,,2020-08-01T17:34:37,2026-09-10T19:42:28.417033
1.0,RESEARCH_PAPER,Looking in the Right place for Anomalies: Explainable AI through Automatic Location Learning,"Satyananda Kashyap, Alexandros Karargyris, Joy Wu, Yaniv Gur, Arjun Sharma, Ken C. L. Wong, Mehdi Moradi, Tanveer Syeda-Mahmood",http://arxiv.org/abs/2008.00363v1,,,2020-08-02T00:02:37,2026-09-10T19:42:28.417081
1.0,RESEARCH_PAPER,Blackbox Trojanising of Deep Learning Models : Using non-intrusive network structure and binary alterations,Jonathan Pan,http://arxiv.org/abs/2008.00408v1,,,2020-08-02T06:33:47,2026-09-10T19:42:28.417128
1.0,RESEARCH_PAPER,Toward Campus Mail Delivery Using BDI,"Chidiebere Onyedinma, Patrick Gavigan, Babak Esfandiari",http://arxiv.org/abs/2007.16089v1,,,2020-07-23T01:33:10,2026-09-10T19:42:28.417174
1.0,RESEARCH_PAPER,COLD: Towards the Next Generation of Pre-Ranking System,"Zhe Wang, Liqin Zhao, Biye Jiang, Guorui Zhou, Xiaoqiang Zhu, Kun Gai",http://arxiv.org/abs/2007.16122v2,,,2020-07-31T15:06:43,2026-09-10T19:42:28.417227
1.0,RESEARCH_PAPER,Improving Multi-Agent Cooperation using Theory of Mind,"Terence X. Lim, Sidney Tio, Desmond C. Ong",http://arxiv.org/abs/2007.15703v1,,,2020-07-30T19:31:31,2026-09-10T19:42:28.417279
1.0,RESEARCH_PAPER,Interpretable Contextual Team-aware Item Recommendation: Application in Multiplayer Online Battle Arena Games,"Andrés Villa, Vladimir Araujo, Francisca Cattan, Denis Parra",http://arxiv.org/abs/2007.15236v1,,,2020-07-30T05:17:28,2026-09-10T19:42:28.417330
1.0,RESEARCH_PAPER,Toward Givenness Hierarchy Theoretic Natural Language Generation,"Poulomi Pal, Tom Williams",http://arxiv.org/abs/2007.16009v1,,,2020-07-17T17:51:29,2026-09-10T19:42:28.417375
1.0,RESEARCH_PAPER,New approach to MPI program execution time prediction,"A. Chupakhin, A. Kolosov, R. Smeliansky, V. Antonenko, G. Ishelev",http://arxiv.org/abs/2007.15338v1,,,2020-07-30T09:35:08,2026-09-10T19:42:28.417420
1.0,RESEARCH_PAPER,Bounded Rationality in Las Vegas: Probabilistic Finite Automata PlayMulti-Armed Bandits,"Xinming Liu, Joseph Y. Halpern",http://arxiv.org/abs/2006.16950v1,,,2020-06-30T16:42:08,2026-09-10T19:42:28.417465
1.0,RESEARCH_PAPER,PsychFM: Predicting your next gamble,"Prakash Rajan, Krishna P. Miyapuram",http://arxiv.org/abs/2007.01833v1,,,2020-07-03T17:41:14,2026-09-10T19:42:28.417510
1.0,RESEARCH_PAPER,Enhancing SAT solvers with glue variable predictions,Jesse Michael Han,http://arxiv.org/abs/2007.02559v1,,,2020-07-06T07:16:49,2026-09-10T19:42:28.417554
1.0,RESEARCH_PAPER,A Novel Multi-Step Finite-State Automaton for Arbitrarily Deterministic Tsetlin Machine Learning,"K. Darshana Abeyrathna, Ole-Christoffer Granmo, Rishad Shafik, Alex Yakovlev, Adrian Wheeldon, Jie Lei, Morten Goodwin",http://arxiv.org/abs/2007.02114v1,,,2020-07-04T14:56:05,2026-09-10T19:42:28.417600
1.0,RESEARCH_PAPER,Traffic Agent Trajectory Prediction Using Social Convolution and Attention Mechanism,"Tao Yang, Zhixiong Nan, He Zhang, Shitao Chen, Nanning Zheng",http://arxiv.org/abs/2007.02515v1,,,2020-07-06T03:48:08,2026-09-10T19:42:28.417646
1.0,RESEARCH_PAPER,"Post-Workshop Report on Science meets Engineering in Deep Learning, NeurIPS 2019, Vancouver","Levent Sagun, Caglar Gulcehre, Adriana Romero, Negar Rostamzadeh, Stefano Sarao Mannelli",http://arxiv.org/abs/2007.13483v2,,,2020-06-25T12:19:09,2026-09-10T19:42:28.417691
1.0,RESEARCH_PAPER,COVID-19 Knowledge Graph: Accelerating Information Retrieval and Discovery for Scientific Literature,"Colby Wise, Vassilis N. Ioannidis, Miguel Romero Calvo, Xiang Song, George Price, Ninad Kulkarni, Ryan Brand, Parminder Bhatia, George Karypis",http://arxiv.org/abs/2007.12731v1,,,2020-07-24T18:29:43,2026-09-10T19:42:28.417737
1.0,RESEARCH_PAPER,Score-Based Explanations in Data Management and Machine Learning,Leopoldo Bertossi,http://arxiv.org/abs/2007.12799v2,,,2020-07-24T23:13:27,2026-09-10T19:42:28.417782
1.0,RESEARCH_PAPER,Noisy Agents: Self-supervised Exploration by Predicting Auditory Events,"Chuang Gan, Xiaoyu Chen, Phillip Isola, Antonio Torralba, Joshua B. Tenenbaum",http://arxiv.org/abs/2007.13729v1,,,2020-07-27T17:59:08,2026-09-10T19:42:28.417827
1.0,RESEARCH_PAPER,Formal Fields: A Framework to Automate Code Generation Across Domains,Jacques Basaldúa,http://arxiv.org/abs/2007.14075v1,,,2020-07-28T09:06:01,2026-09-10T19:42:28.417898
1.0,RESEARCH_PAPER,PyKEEN 1.0: A Python Library for Training and Evaluating Knowledge Graph Embeddings,"Mehdi Ali, Max Berrendorf, Charles Tapley Hoyt, Laurent Vermue, Sahand Sharifzadeh, Volker Tresp, Jens Lehmann",http://arxiv.org/abs/2007.14175v2,,,2020-07-28T12:54:28,2026-09-10T19:42:28.417948
1.0,RESEARCH_PAPER,Approximating Euclidean by Imprecise Markov Decision Processes,"Manfred Jaeger, Giorgio Bacci, Giovanni Bacci, Kim Guldstrand Larsen, Peter Gjøl Jensen",http://arxiv.org/abs/2006.14923v1,,,2020-06-26T11:58:04,2026-09-10T19:42:28.417995
1.0,RESEARCH_PAPER,Intrinsic Reward Driven Imitation Learning via Generative Model,"Xingrui Yu, Yueming Lyu, Ivor W. Tsang",http://arxiv.org/abs/2006.15061v4,,,2020-06-26T15:39:40,2026-09-10T19:42:28.419978
1.0,RESEARCH_PAPER,Non-parametric Models for Non-negative Functions,"Ulysse Marteau-Ferey, Francis Bach, Alessandro Rudi",http://arxiv.org/abs/2007.03926v1,,,2020-07-08T07:17:28,2026-09-10T19:42:28.420051
1.0,RESEARCH_PAPER,Responsive Safety in Reinforcement Learning by PID Lagrangian Methods,"Adam Stooke, Joshua Achiam, Pieter Abbeel",http://arxiv.org/abs/2007.03964v1,,,2020-07-08T08:43:14,2026-09-10T19:42:28.420089
1.0,RESEARCH_PAPER,An Efficient Data Imputation Technique for Human Activity Recognition,"Ivan Miguel Pires, Faisal Hussain, Nuno M. Garcia, Eftim Zdravevski",http://arxiv.org/abs/2007.04456v1,,,2020-07-08T22:05:38,2026-09-10T19:42:28.420125
1.0,RESEARCH_PAPER,Resolving Head-On Conflicts for Multi-Agent Path Finding with Conflict-Based Search,Lun Yang,http://arxiv.org/abs/2007.03575v1,,,2020-07-07T15:52:45,2026-09-10T19:42:28.420154
1.0,RESEARCH_PAPER,Projection Mapping Implementation: Enabling Direct Externalization of Perception Results and Action Intent to Improve Robot Explainability,"Zhao Han, Alexander Wilkinson, Jenna Parrillo, Jordan Allspaw, Holly A. Yanco",http://arxiv.org/abs/2010.02263v3,,,2020-10-05T18:16:20,2026-09-10T19:42:28.420183
1.0,RESEARCH_PAPER,Learning Binary Semantic Embedding for Histology Image Classification and Retrieval,"Xiao Kang, Xingbo Liu, Xiushan Nie, Yilong Yin",http://arxiv.org/abs/2010.03266v1,,,2020-10-07T08:36:44,2026-09-10T19:42:28.420211
1.0,RESEARCH_PAPER,Predictive Capability Maturity Quantification using Bayesian Network,"Linyu Lin, Nam Dinh",http://arxiv.org/abs/2010.03373v1,,,2020-08-31T17:09:09,2026-09-10T19:42:28.420238
1.0,RESEARCH_PAPER,Integrating Intrinsic and Extrinsic Explainability: The Relevance of Understanding Neural Networks for Human-Robot Interaction,"Tom Weber, Stefan Wermter",http://arxiv.org/abs/2010.04602v1,,,2020-10-09T14:28:48,2026-09-10T19:42:28.420266
1.0,RESEARCH_PAPER,High-Order Relation Construction and Mining for Graph Matching,"Hui Xu, Liyao Xiang, Youmin Le, Xiaoying Gan, Yuting Jia, Luoyi Fu, Xinbing Wang",http://arxiv.org/abs/2010.04348v1,,,2020-10-09T03:30:02,2026-09-10T19:42:28.420302
1.0,RESEARCH_PAPER,Evaluating and Characterizing Human Rationales,"Samuel Carton, Anirudh Rathore, Chenhao Tan",http://arxiv.org/abs/2010.04736v1,,,2020-10-09T18:00:04,2026-09-10T19:42:28.420356
1.0,RESEARCH_PAPER,Characterizing Policy Divergence for Personalized Meta-Reinforcement Learning,Michael Zhang,http://arxiv.org/abs/2010.04816v1,,,2020-10-09T21:31:53,2026-09-10T19:42:28.420406
1.0,RESEARCH_PAPER,On Task-Level Dialogue Composition of Generative Transformer Model,"Prasanna Parthasarathi, Arvind Neelakantan, Sharan Narang",http://arxiv.org/abs/2010.04826v1,,,2020-10-09T22:10:03,2026-09-10T19:42:28.420456
1.0,RESEARCH_PAPER,Towards Self-Regulating AI: Challenges and Opportunities of AI Model Governance in Financial Services,"Eren Kurshan, Hongda Shen, Jiahao Chen",http://arxiv.org/abs/2010.04827v1,,,2020-10-09T22:12:22,2026-09-10T19:42:28.420505
1.0,RESEARCH_PAPER,Paying down metadata debt: learning the representation of concepts using topic models,"Jiahao Chen, Manuela Veloso",http://arxiv.org/abs/2010.04836v1,,,2020-10-09T22:42:38,2026-09-10T19:42:28.420555
1.0,RESEARCH_PAPER,Association rules over time,"Iztok Fister, Iztok Fister",http://arxiv.org/abs/2010.03834v1,,,2020-10-08T08:31:34,2026-09-10T19:42:28.420604
1.0,RESEARCH_PAPER,Learning Intrinsic Symbolic Rewards in Reinforcement Learning,"Hassam Sheikh, Shauharda Khadka, Santiago Miret, Somdeb Majumdar",http://arxiv.org/abs/2010.03694v2,,,2020-10-08T00:02:46,2026-09-10T19:42:28.420652
1.0,RESEARCH_PAPER,Sequential Changepoint Detection in Neural Networks with Checkpoints,"Michalis K. Titsias, Jakub Sygnowski, Yutian Chen",http://arxiv.org/abs/2010.03053v1,,,2020-10-06T21:49:54,2026-09-10T19:42:28.420700
1.0,RESEARCH_PAPER,Distributional Reinforcement Learning for mmWave Communications with Intelligent Reflectors on a UAV,"Qianqian Zhang, Walid Saad, Mehdi Bennis",http://arxiv.org/abs/2011.01840v1,,,2020-11-03T16:50:37,2026-09-10T19:42:28.420760
1.0,RESEARCH_PAPER,Adapting Pretrained Transformer to Lattices for Spoken Language Understanding,"Chao-Wei Huang, Yun-Nung Chen",http://arxiv.org/abs/2011.00780v1,,,2020-11-02T07:14:34,2026-09-10T19:42:28.420810
1.0,RESEARCH_PAPER,Reinforcement Learning with Efficient Active Feature Acquisition,"Haiyan Yin, Yingzhen Li, Sinno Jialin Pan, Cheng Zhang, Sebastian Tschiatschek",http://arxiv.org/abs/2011.00825v1,,,2020-11-02T08:46:27,2026-09-10T19:42:28.420848
1.0,RESEARCH_PAPER,An End-to-End ML System for Personalized Conversational Voice Models in Walmart E-Commerce,"Rahul Radhakrishnan Iyer, Praveenkumar Kanumala, Stephen Guo, Kannan Achan",http://arxiv.org/abs/2011.00866v1,,,2020-11-02T10:14:55,2026-09-10T19:42:28.420876
1.0,RESEARCH_PAPER,Adversarial Self-Supervised Scene Flow Estimation,"Victor Zuanazzi, Joris van Vugt, Olaf Booij, Pascal Mettes",http://arxiv.org/abs/2011.00551v1,,,2020-11-01T16:37:37,2026-09-10T19:42:28.420904
1.0,RESEARCH_PAPER,Optimal Policies for the Homogeneous Selective Labels Problem,Dennis Wei,http://arxiv.org/abs/2011.01381v1,,,2020-11-02T23:32:53,2026-09-10T19:42:28.420931
1.0,RESEARCH_PAPER,Kernel Two-Dimensional Ridge Regression for Subspace Clustering,"Chong Peng, Qian Zhang, Zhao Kang, Chenglizhao Chen, Qiang Cheng",http://arxiv.org/abs/2011.01477v1,,,2020-11-03T04:52:46,2026-09-10T19:42:28.420976
1.0,RESEARCH_PAPER,NSF Convergence Approach to Transition Basic Research into Practice,"Shelby Smith, Chaitanya Baru",http://arxiv.org/abs/2011.01251v1,,,2020-11-02T19:00:22,2026-09-10T19:42:28.421005
1.0,RESEARCH_PAPER,Useful Policy Invariant Shaping from Arbitrary Advice,"Paniz Behboudian, Yash Satsangi, Matthew E. Taylor, Anna Harutyunyan, Michael Bowling",http://arxiv.org/abs/2011.01297v1,,,2020-11-02T20:29:09,2026-09-10T19:42:28.421033
1.0,RESEARCH_PAPER,Evaluation of Siamese Networks for Semantic Code Search,"Raunak Sinha, Utkarsh Desai, Srikanth Tamilselvam, Senthil Mani",http://arxiv.org/abs/2011.01043v1,,,2020-10-12T06:07:39,2026-09-10T19:42:28.421064
1.0,RESEARCH_PAPER,Exploring Question-Specific Rewards for Generating Deep Questions,"Yuxi Xie, Liangming Pan, Dongzhe Wang, Min-Yen Kan, Yansong Feng",http://arxiv.org/abs/2011.01102v1,,,2020-11-02T16:37:30,2026-09-10T19:42:28.421092
1.0,RESEARCH_PAPER,DL-Reg: A Deep Learning Regularization Technique using Linear Regression,"Maryam Dialameh, Ali Hamzeh, Hossein Rahmani",http://arxiv.org/abs/2011.00368v2,,,2020-10-31T21:53:24,2026-09-10T19:42:28.421118
1.0,RESEARCH_PAPER,An approach to measure route quality and refine the route during the voyage using characteristic coefficients,"Ivan Yanchin, Oleg Petrov",http://arxiv.org/abs/2011.01607v1,,,2020-11-03T10:26:01,2026-09-10T19:42:30.710548
1.0,RESEARCH_PAPER,"ControlVAE: Tuning, Analytical Properties, and Performance Analysis","Huajie Shao, Zhisheng Xiao, Shuochao Yao, Aston Zhang, Shengzhong Liu, Tarek Abdelzaher",http://arxiv.org/abs/2011.01754v1,,,2020-10-31T12:32:39,2026-09-10T19:42:30.710632
1.0,RESEARCH_PAPER,Dynamic Value Estimation for Single-Task Multi-Scene Reinforcement Learning,"Jaskirat Singh, Liang Zheng",http://arxiv.org/abs/2005.12254v1,,,2020-05-25T17:56:08,2026-09-10T19:42:30.710681
1.0,RESEARCH_PAPER,Efficient Use of heuristics for accelerating XCS-based Policy Learning in Markov Games,"Hao Chen, Chang Wang, Jian Huang, Jianxing Gong",http://arxiv.org/abs/2005.12553v1,,,2020-05-26T07:47:27,2026-09-10T19:42:30.710820
1.0,RESEARCH_PAPER,Decisions and Performance Under Bounded Rationality: A Computational Benchmarking Approach,"Dainis Zegners, Uwe Sunde, Anthony Strittmatter",http://arxiv.org/abs/2005.12638v2,,,2020-05-26T11:39:39,2026-09-10T19:42:30.710868
1.0,RESEARCH_PAPER,Experimental evaluation of quantum Bayesian networks on IBM QX hardware,"Sima E. Borujeni, Nam H. Nguyen, Saideep Nannapaneni, Elizabeth C. Behrman, James E. Steck",http://arxiv.org/abs/2005.12474v1,,,2020-05-26T01:25:39,2026-09-10T19:42:30.710905
1.0,RESEARCH_PAPER,Multi-agent model for risk prediction in surgery,"Bruno Perez, Julien Henriet, Christophe Lang, Laurent Philippe",http://arxiv.org/abs/2005.10738v2,,,2020-05-21T15:45:27,2026-09-10T19:42:30.711056
1.0,RESEARCH_PAPER,Hidden Markov Models and their Application for Predicting Failure Events,"Paul Hofmann, Zaid Tashman",http://arxiv.org/abs/2005.09971v1,,,2020-05-20T11:30:16,2026-09-10T19:42:30.711343
1.0,RESEARCH_PAPER,Egocentric Object Manipulation Graphs,"Eadom Dessalene, Michael Maynord, Chinmaya Devaraj, Cornelia Fermuller, Yiannis Aloimonos",http://arxiv.org/abs/2006.03201v1,,,2020-06-05T02:03:25,2026-09-10T19:42:30.711471
1.0,RESEARCH_PAPER,Analyzing Differentiable Fuzzy Implications,"Emile van Krieken, Erman Acar, Frank van Harmelen",http://arxiv.org/abs/2006.03472v1,,,2020-06-04T15:34:37,2026-09-10T19:42:30.711842
1.0,RESEARCH_PAPER,Causality and Batch Reinforcement Learning: Complementary Approaches To Planning In Unknown Domains,"James Bannon, Brad Windsor, Wenbo Song, Tao Li",http://arxiv.org/abs/2006.02579v1,,,2020-06-03T23:14:14,2026-09-10T19:42:30.712004
1.0,RESEARCH_PAPER,Every Action Based Sensor,"Grace McFassel, Dylan A. Shell",http://arxiv.org/abs/2006.04003v1,,,2020-06-07T00:30:54,2026-09-10T19:42:30.712091
1.0,RESEARCH_PAPER,Towards Scalable Bayesian Learning of Causal DAGs,"Jussi Viinikka, Antti Hyttinen, Johan Pensar, Mikko Koivisto",http://arxiv.org/abs/2010.00684v2,,,2020-09-30T08:46:46,2026-09-10T19:42:30.712431
1.0,RESEARCH_PAPER,A Novel Actor Dual-Critic Model for Remote Sensing Image Captioning,"Ruchika Chavhan, Biplab Banerjee, Xiao Xiang Zhu, Subhasis Chaudhuri",http://arxiv.org/abs/2010.01999v1,,,2020-10-05T13:35:02,2026-09-10T19:42:30.712537
1.0,RESEARCH_PAPER,How important are faces for person re-identification?,"Julia Dietlmeier, Joseph Antony, Kevin McGuinness, Noel E. O'Connor",http://arxiv.org/abs/2010.06307v1,,,2020-10-13T11:47:16,2026-09-10T19:42:30.712607
1.0,RESEARCH_PAPER,Improving Self-supervised Pre-training via a Fully-Explored Masked Language Model,"Mingzhi Zheng, Dinghan Shen, Yelong Shen, Weizhu Chen, Lin Xiao",http://arxiv.org/abs/2010.06040v2,,,2020-10-12T21:28:14,2026-09-10T19:42:30.712668
1.0,RESEARCH_PAPER,Modeling Human Temporal Uncertainty in Human-Agent Teams,"Maya Abo Dominguez, William La, James C. Boerkoel",http://arxiv.org/abs/2010.04849v1,,,2020-10-09T23:43:59,2026-09-10T19:42:30.712726
1.0,RESEARCH_PAPER,Remarks on Optimal Scores for Speaker Recognition,Dong Wang,http://arxiv.org/abs/2010.04862v2,,,2020-10-10T01:28:24,2026-09-10T19:42:30.712783
1.0,RESEARCH_PAPER,Helpfulness as a Key Metric of Human-Robot Collaboration,"Richard G. Freedman, Steven J. Levine, Brian C. Williams, Shlomo Zilberstein",http://arxiv.org/abs/2010.04914v1,,,2020-10-10T06:00:36,2026-09-10T19:42:30.712840
1.0,RESEARCH_PAPER,Cue-word Driven Neural Response Generation with a Shrinking Vocabulary,"Qiansheng Wang, Yuxin Liu, Chengguo Lv, Zhen Wang, Guohong Fu",http://arxiv.org/abs/2010.04927v1,,,2020-10-10T07:13:32,2026-09-10T19:42:30.712901
1.0,RESEARCH_PAPER,Image Generation With Neural Cellular Automatas,"Mingxiang Chen, Zhecheng Wang",http://arxiv.org/abs/2010.04949v2,,,2020-10-10T08:52:52,2026-09-10T19:42:30.713448
1.0,RESEARCH_PAPER,Using Type Information to Improve Entity Coreference Resolution,"Sopan Khosla, Carolyn Rose",http://arxiv.org/abs/2010.05738v1,,,2020-10-12T14:32:39,2026-09-10T19:42:30.713587
1.0,RESEARCH_PAPER,On Feature Selection Using Anisotropic General Regression Neural Network,"Federico Amato, Fabian Guignard, Philippe Jacquet, Mikhail Kanevski",http://arxiv.org/abs/2010.05744v1,,,2020-10-12T14:35:40,2026-09-10T19:42:30.713658
1.0,RESEARCH_PAPER,AttendLight: Universal Attention-Based Reinforcement Learning Model for Traffic Signal Control,"Afshin Oroojlooy, Mohammadreza Nazari, Davood Hajinezhad, Jorge Silva",http://arxiv.org/abs/2010.05772v1,,,2020-10-12T15:07:57,2026-09-10T19:42:30.713849
1.0,RESEARCH_PAPER,Connecting the Dots Between Fact Verification and Fake News Detection,"Qifei Li, Wangchunshu Zhou",http://arxiv.org/abs/2010.05202v1,,,2020-10-11T09:28:52,2026-09-10T19:42:30.713938
1.0,RESEARCH_PAPER,Automatic Chronic Degenerative Diseases Identification Using Enteric Nervous System Images,"Gustavo Z. Felipe, Jacqueline N. Zanoni, Camila C. Sehaber-Sierakowski, Gleison D. P. Bossolani, Sara R. G. Souza, Franklin C. Flores, Luiz E. S. Oliveira, Rodolfo M. Pereira, Yandre M. G. Costa",http://arxiv.org/abs/2011.00160v1,,,2020-10-31T01:04:46,2026-09-10T19:42:30.714004
1.0,RESEARCH_PAPER,Differentially Private ADMM Algorithms for Machine Learning,"Tao Xu, Fanhua Shang, Yuanyuan Liu, Hongying Liu, Longjie Shen, Maoguo Gong",http://arxiv.org/abs/2011.00164v1,,,2020-10-31T01:37:24,2026-09-10T19:42:30.714063
1.0,RESEARCH_PAPER,A Cross-lingual Natural Language Processing Framework for Infodemic Management,"Ridam Pal, Rohan Pandey, Vaibhav Gautam, Kanav Bhagat, Tavpritesh Sethi",http://arxiv.org/abs/2010.16357v1,,,2020-10-30T16:26:35,2026-09-10T19:42:30.714123
1.0,RESEARCH_PAPER,Unsupervised One-shot Learning of Both Specific Instances and Generalised Classes with a Hippocampal Architecture,"Gideon Kowadlo, Abdelrahman Ahmed, David Rawlinson",http://arxiv.org/abs/2010.15999v1,,,2020-10-30T00:10:23,2026-09-10T19:42:30.714182
1.0,RESEARCH_PAPER,HHAR-net: Hierarchical Human Activity Recognition using Neural Networks,"Mehrdad Fazli, Kamran Kowsari, Erfaneh Gharavi, Laura Barnes, Afsaneh Doryab",http://arxiv.org/abs/2010.16052v2,,,2020-10-28T17:06:42,2026-09-10T19:42:30.714243
1.0,RESEARCH_PAPER,Attribution Preservation in Network Compression for Reliable Network Interpretation,"Geondo Park, June Yong Yang, Sung Ju Hwang, Eunho Yang",http://arxiv.org/abs/2010.15054v1,,,2020-10-28T16:02:31,2026-09-10T19:42:30.714302
1.0,RESEARCH_PAPER,How to Not Get Caught When You Launder Money on Blockchain?,"Cuneyt G. Akcora, Sudhanva Purusotham, Yulia R. Gel, Mitchell Krawiec-Thayer, Murat Kantarcioglu",http://arxiv.org/abs/2010.15082v1,,,2020-09-22T02:12:15,2026-09-10T19:42:30.714359
1.0,RESEARCH_PAPER,A Study on Efficiency in Continual Learning Inspired by Human Learning,"Philip J. Ball, Yingzhen Li, Angus Lamb, Cheng Zhang",http://arxiv.org/abs/2010.15187v1,,,2020-10-28T19:11:01,2026-09-10T19:42:30.714413
1.0,RESEARCH_PAPER,Enhancing reinforcement learning by a finite reward response filter with a case study in intelligent structural control,"Hamid Radmard Rahmani, Carsten Koenke, Marco A. Wiering",http://arxiv.org/abs/2010.15597v1,,,2020-10-25T19:28:35,2026-09-10T19:42:30.714475
1.0,RESEARCH_PAPER,Expert Selection in High-Dimensional Markov Decision Processes,"Vicenc Rubies-Royo, Eric Mazumdar, Roy Dong, Claire Tomlin, S. Shankar Sastry",http://arxiv.org/abs/2010.15599v1,,,2020-10-26T03:57:25,2026-09-10T19:42:30.714529
1.0,RESEARCH_PAPER,Exploring Zero-Shot Emergent Communication in Embodied Multi-Agent Populations,"Kalesha Bullard, Franziska Meier, Douwe Kiela, Joelle Pineau, Jakob Foerster",http://arxiv.org/abs/2010.15896v2,,,2020-10-29T19:23:10,2026-09-10T19:42:30.714582
1.0,RESEARCH_PAPER,Exploring the Nuances of Designing (with/for) Artificial Intelligence,"Niya Stoimenova, Rebecca Price",http://arxiv.org/abs/2010.15578v1,,,2020-10-22T20:34:35,2026-09-10T19:42:30.714635
1.0,RESEARCH_PAPER,Knowledge Transfer in Multi-Task Deep Reinforcement Learning for Continuous Control,"Zhiyuan Xu, Kun Wu, Zhengping Che, Jian Tang, Jieping Ye",http://arxiv.org/abs/2010.07494v2,,,2020-10-15T03:26:47,2026-09-10T19:42:30.714687
1.0,RESEARCH_PAPER,Multi-Agent Motion Planning using Deep Learning for Space Applications,"Kyongsik Yun, Changrak Choi, Ryan Alimo, Anthony Davis, Linda Forster, Amir Rahmani, Muhammad Adil, Ramtin Madani",http://arxiv.org/abs/2010.07935v1,,,2020-10-15T06:42:47,2026-09-10T19:42:30.714742
1.0,RESEARCH_PAPER,What is More Likely to Happen Next? Video-and-Language Future Event Prediction,"Jie Lei, Licheng Yu, Tamara L. Berg, Mohit Bansal",http://arxiv.org/abs/2010.07999v1,,,2020-10-15T19:56:47,2026-09-10T19:42:30.714795
1.0,RESEARCH_PAPER,Overfitting or Underfitting? Understand Robustness Drop in Adversarial Training,"Zichao Li, Liyuan Liu, Chengyu Dong, Jingbo Shang",http://arxiv.org/abs/2010.08034v1,,,2020-10-15T21:43:07,2026-09-10T19:42:30.714849
1.0,RESEARCH_PAPER,Motif Learning in Knowledge Graphs Using Trajectories Of Differential Equations,"Mojtaba Nayyeri, Chengjin Xu, Jens Lehmann, Sahar Vahdati",http://arxiv.org/abs/2010.06684v2,,,2020-10-13T20:53:17,2026-09-10T19:42:30.714902
1.0,RESEARCH_PAPER,Reliable Evaluations for Natural Language Inference based on a Unified Cross-dataset Benchmark,"Guanhua Zhang, Bing Bai, Jian Liang, Kun Bai, Conghui Zhu, Tiejun Zhao",http://arxiv.org/abs/2010.07676v1,,,2020-10-15T11:50:12,2026-09-10T19:42:30.714957
1.0,RESEARCH_PAPER,Improving Neural Network Verification through Spurious Region Guided Refinement,"Pengfei Yang, Renjue Li, Jianlin Li, Cheng-Chao Huang, Jingyi Wang, Jun Sun, Bai Xue, Lijun Zhang",http://arxiv.org/abs/2010.07722v1,,,2020-10-15T13:03:15,2026-09-10T19:42:30.715057
1.0,RESEARCH_PAPER,Representativity Fairness in Clustering,"Deepak P, Savitha Sam Abraham",http://arxiv.org/abs/2010.07054v1,,,2020-10-11T21:50:06,2026-09-10T19:42:30.715113
1.0,RESEARCH_PAPER,A Relaxed Matching Procedure for Unsupervised BLI,"Xu Zhao, Zihao Wang, Hao Wu, Yong Zhang",http://arxiv.org/abs/2010.07095v1,,,2020-10-14T13:53:08,2026-09-10T19:42:30.715167
1.0,RESEARCH_PAPER,Data Readiness Report,"Shazia Afzal, Rajmohan C, Manish Kesarwani, Sameep Mehta, Hima Patel",http://arxiv.org/abs/2010.07213v2,,,2020-10-14T16:26:29,2026-09-10T19:42:30.715224
1.0,RESEARCH_PAPER,Neural-Symbolic Integration: A Compositional Perspective,"Efthymia Tsamoura, Loizos Michael",http://arxiv.org/abs/2010.11926v1,,,2020-10-22T17:55:44,2026-09-10T19:42:30.716014
1.0,RESEARCH_PAPER,Motion Planner Augmented Reinforcement Learning for Robot Manipulation in Obstructed Environments,"Jun Yamada, Youngwoon Lee, Gautam Salhotra, Karl Pertsch, Max Pflueger, Gaurav S. Sukhatme, Joseph J. Lim, Peter Englert",http://arxiv.org/abs/2010.11940v1,,,2020-10-22T17:59:09,2026-09-10T19:42:30.716126
1.0,RESEARCH_PAPER,From Conjunctive Queries to Instance Queries in Ontology-Mediated Querying,"Cristina Feier, Carsten Lutz, Frank Wolter",http://arxiv.org/abs/2010.11848v1,,,2020-10-22T16:40:59,2026-09-10T19:42:30.716228
1.0,RESEARCH_PAPER,Planning with Submodular Objective Functions,"Ruosong Wang, Hanrui Zhang, Devendra Singh Chaplot, Denis Garagić, Ruslan Salakhutdinov",http://arxiv.org/abs/2010.11863v1,,,2020-10-22T16:55:12,2026-09-10T19:42:30.716294
1.0,RESEARCH_PAPER,Super-Resolution Reconstruction of Interval Energy Data,"Jieyi Lu, Baihong Jin",http://arxiv.org/abs/2010.12678v1,,,2020-10-23T21:34:22,2026-09-10T19:42:30.716358
1.0,RESEARCH_PAPER,DPAttack: Diffused Patch Attacks against Universal Object Detection,"Shudeng Wu, Tao Dai, Shu-Tao Xia",http://arxiv.org/abs/2010.11679v1,,,2020-10-16T04:48:24,2026-09-10T19:42:30.716417
1.0,RESEARCH_PAPER,Keyphrase Extraction with Dynamic Graph Convolutional Networks and Diversified Inference,"Haoyu Zhang, Dingkun Long, Guangwei Xu, Pengjun Xie, Fei Huang, Ji Wang",http://arxiv.org/abs/2010.12828v1,,,2020-10-24T08:11:23,2026-09-10T19:42:30.716475
1.0,RESEARCH_PAPER,Large Scale Legal Text Classification Using Transformer Models,"Zein Shaheen, Gerhard Wohlgenannt, Erwin Filtz",http://arxiv.org/abs/2010.12871v1,,,2020-10-24T11:03:01,2026-09-10T19:42:30.716530
1.0,RESEARCH_PAPER,Learning to Optimise General TSP Instances,"Nasrin Sultana, Jeffrey Chan, A. K. Qin, Tabinda Sarwar",http://arxiv.org/abs/2010.12214v2,,,2020-10-23T07:37:16,2026-09-10T19:42:30.716585
1.0,RESEARCH_PAPER,Exploring Common and Individual Characteristics of Students via Matrix Recovering,"Zhen Wang, Ben Teng, Yun Zhou, Hanshuang Tong, Guangtong Liu",http://arxiv.org/abs/2010.12290v1,,,2020-10-23T10:42:17,2026-09-10T19:42:30.716640
1.0,RESEARCH_PAPER,Towards human-agent knowledge fusion (HAKF) in support of distributed coalition teams,"Dave Braines, Federico Cerutti, Marc Roig Vilamala, Mani Srivastava, Lance Kaplan Alun Preece, Gavin Pearson",http://arxiv.org/abs/2010.12327v1,,,2020-10-23T12:10:40,2026-09-10T19:42:30.716693
1.0,RESEARCH_PAPER,Tackling the Low-resource Challenge for Canonical Segmentation,"Manuel Mager, Özlem Çetinoğlu, Katharina Kann",http://arxiv.org/abs/2010.02804v1,,,2020-10-06T15:15:05,2026-09-10T19:42:30.716747
1.0,RESEARCH_PAPER,Robustness and Reliability of Gender Bias Assessment in Word Embeddings: The Role of Base Pairs,"Haiyang Zhang, Alison Sneyd, Mark Stevenson",http://arxiv.org/abs/2010.02847v2,,,2020-10-06T16:09:05,2026-09-10T19:42:30.716800
1.0,RESEARCH_PAPER,Recovering Causal Structures from Low-Order Conditional Independencies,"Marcel Wienöbst, Maciej Liśkiewicz",http://arxiv.org/abs/2010.02675v1,,,2020-10-06T12:47:20,2026-09-10T19:42:30.716852
1.0,RESEARCH_PAPER,GenAug: Data Augmentation for Finetuning Text Generators,"Steven Y. Feng, Varun Gangal, Dongyeop Kang, Teruko Mitamura, Eduard Hovy",http://arxiv.org/abs/2010.01794v2,,,2020-10-05T05:46:39,2026-09-10T19:42:30.716904
1.0,RESEARCH_PAPER,A Spherical Hidden Markov Model for Semantics-Rich Human Mobility Modeling,"Wanzheng Zhu, Chao Zhang, Shuochao Yao, Xiaobin Gao, Jiawei Han",http://arxiv.org/abs/2010.01986v1,,,2020-10-05T13:18:38,2026-09-10T19:42:30.716957
1.0,RESEARCH_PAPER,Explanation Ontology in Action: A Clinical Use-Case,"Shruthi Chari, Oshani Seneviratne, Daniel M. Gruen, Morgan A. Foreman, Amar K. Das, Deborah L. McGuinness",http://arxiv.org/abs/2010.01478v1,,,2020-10-04T03:52:39,2026-09-10T19:42:30.717009
1.0,RESEARCH_PAPER,Knowledge-Enhanced Personalized Review Generation with Capsule Graph Neural Network,"Junyi Li, Siqing Li, Wayne Xin Zhao, Gaole He, Zhicheng Wei, Nicholas Jing Yuan, Ji-Rong Wen",http://arxiv.org/abs/2010.01480v1,,,2020-10-04T03:54:40,2026-09-10T19:42:30.717062
1.0,RESEARCH_PAPER,Adversarial and Natural Perturbations for General Robustness,"Sadaf Gulshad, Jan Hendrik Metzen, Arnold Smeulders",http://arxiv.org/abs/2010.01401v1,,,2020-10-03T17:53:18,2026-09-10T19:42:30.717116
1.0,RESEARCH_PAPER,A Comparison of Discrete Latent Variable Models for Speech Representation Learning,"Henry Zhou, Alexei Baevski, Michael Auli",http://arxiv.org/abs/2010.14230v1,,,2020-10-24T01:22:14,2026-09-10T19:42:30.717170
1.0,RESEARCH_PAPER,Neural Networked Assisted Tree Search for the Personnel Rostering Problem,"Ziyi Chen, Patrick De Causmaecker, Yajie Dou",http://arxiv.org/abs/2010.14252v1,,,2020-10-24T22:23:20,2026-09-10T19:42:30.717225
1.0,RESEARCH_PAPER,Physics-Based Deep Learning for Fiber-Optic Communication Systems,"Christian Häger, Henry D. Pfister",http://arxiv.org/abs/2010.14258v1,,,2020-10-27T12:55:23,2026-09-10T19:42:30.717280
1.0,RESEARCH_PAPER,An efficient nonconvex reformulation of stagewise convex optimization problems,"Rudy Bunel, Oliver Hinder, Srinadh Bhojanapalli,  Krishnamurthy,  Dvijotham",http://arxiv.org/abs/2010.14322v1,,,2020-10-27T14:30:32,2026-09-10T19:42:30.717340
1.0,RESEARCH_PAPER,Effective FAQ Retrieval and Question Matching With Unsupervised Knowledge Injection,"Wen-Ting Tseng, Tien-Hong Lo, Yung-Chang Hsu, Berlin Chen",http://arxiv.org/abs/2010.14049v1,,,2020-10-27T05:03:34,2026-09-10T19:42:30.717393
1.0,RESEARCH_PAPER,Energy and Service-priority aware Trajectory Design for UAV-BSs using Double Q-Learning,"Sayed Amir Hoseini, Ayub Bokani, Jahan Hassan, Shavbo Salehi, Salil S. Kanhere",http://arxiv.org/abs/2010.13346v1,,,2020-10-26T05:21:30,2026-09-10T19:42:30.717444
1.0,RESEARCH_PAPER,Improving Limited Labeled Dialogue State Tracking with Self-Supervision,"Chien-Sheng Wu, Steven Hoi, Caiming Xiong",http://arxiv.org/abs/2010.13920v1,,,2020-10-26T21:57:42,2026-09-10T19:42:30.719232
1.0,RESEARCH_PAPER,Handling of uncertainty in medical data using machine learning and probability theory techniques: A review of 30 years (1991-2020),"Roohallah Alizadehsani, Mohamad Roshanzamir, Sadiq Hussain, Abbas Khosravi, Afsaneh Koohestani, Mohammad Hossein Zangooei, Moloud Abdar, Adham Beykikhoshk, Afshin Shoeibi, Assef Zare, Maryam Panahiazar, Saeid Nahavandi, Dipti Srinivasan, Amir F. Atiya, U. Rajendra Acharya",http://arxiv.org/abs/2008.10114v1,,,2020-08-23T21:54:27,2026-09-10T19:42:30.722311
1.0,RESEARCH_PAPER,Drive Safe: Cognitive-Behavioral Mining for Intelligent Transportation Cyber-Physical System,"Md. Shirajum Munir, Sarder Fakhrul Abedin, Ki Tae Kim, Do Hyeon Kim, Md. Golam Rabiul Alam, Choong Seon Hong",http://arxiv.org/abs/2008.10148v1,,,2020-08-24T01:19:40,2026-09-10T19:42:30.722373
1.0,RESEARCH_PAPER,Teaching a Machine to Diagnose a Heart Disease; Beginning from digitizing scanned ECGs to detecting the Brugada Syndrome (BrS),Simon Jaxy,http://arxiv.org/abs/2009.01076v1,,,2020-08-27T09:12:50,2026-09-10T19:42:30.722411
1.0,RESEARCH_PAPER,An Information-Theoretic Approach to Persistent Environment Monitoring Through Low Rank Model Based Planning and Prediction,"Elizabeth A. Ricci, Madeleine Udell, Ross A. Knepper",http://arxiv.org/abs/2009.01168v1,,,2020-09-02T16:19:55,2026-09-10T19:42:30.722445
1.0,RESEARCH_PAPER,"Excavating ""Excavating AI"": The Elephant in the Gallery",Michael J. Lyons,http://arxiv.org/abs/2009.01215v3,,,2020-09-02T17:42:06,2026-09-10T19:42:30.722476
1.0,RESEARCH_PAPER,Embedded Development Boards for Edge-AI: A Comprehensive Report,"Hamza Ali Imran, Usama Mujahid, Saad Wazir, Usama Latif, Kiran Mehmood",http://arxiv.org/abs/2009.00803v1,,,2020-09-02T03:34:05,2026-09-10T19:42:30.722507
1.0,RESEARCH_PAPER,Open-set Adversarial Defense,"Rui Shao, Pramuditha Perera, Pong C. Yuen, Vishal M. Patel",http://arxiv.org/abs/2009.00814v1,,,2020-09-02T04:35:33,2026-09-10T19:42:30.722538
1.0,RESEARCH_PAPER,Toward a Thermodynamics of Meaning,Jonathan Scott Enderle,http://arxiv.org/abs/2009.11963v1,,,2020-09-24T21:56:02,2026-09-10T19:42:30.722568
1.0,RESEARCH_PAPER,MinTL: Minimalist Transfer Learning for Task-Oriented Dialogue Systems,"Zhaojiang Lin, Andrea Madotto, Genta Indra Winata, Pascale Fung",http://arxiv.org/abs/2009.12005v2,,,2020-09-25T02:19:13,2026-09-10T19:42:30.722600
1.0,RESEARCH_PAPER,Predicting Sim-to-Real Transfer with Probabilistic Dynamics Models,"Lei M. Zhang, Matthias Plappert, Wojciech Zaremba",http://arxiv.org/abs/2009.12864v1,,,2020-09-27T15:06:54,2026-09-10T19:42:30.722633
1.0,RESEARCH_PAPER,Mitigating Gender Bias for Neural Dialogue Generation with Adversarial Learning,"Haochen Liu, Wentao Wang, Yiqi Wang, Hui Liu, Zitao Liu, Jiliang Tang",http://arxiv.org/abs/2009.13028v2,,,2020-09-28T02:46:59,2026-09-10T19:42:30.722662
1.0,RESEARCH_PAPER,Proceedings of the Sixteenth International Workshop on the ACL2 Theorem Prover and its Applications,"Grant Passmore, Ruben Gamboa",http://arxiv.org/abs/2009.12521v1,,,2020-09-26T05:19:33,2026-09-10T19:42:30.722693
1.0,RESEARCH_PAPER,Multi-Agent Systems based on Contextual Defeasible Logic considering Focus,"Helio H. L. C. Monte-Alto, Mariela Morveli-Espinoza, Cesar A. Tacla",http://arxiv.org/abs/2010.00168v1,,,2020-10-01T01:50:08,2026-09-10T19:42:30.722722
1.0,RESEARCH_PAPER,WeChat Neural Machine Translation Systems for WMT20,"Fandong Meng, Jianhao Yan, Yijin Liu, Yuan Gao, Xianfeng Zeng, Qinsong Zeng, Peng Li, Ming Chen, Jie Zhou, Sifan Liu, Hao Zhou",http://arxiv.org/abs/2010.00247v2,,,2020-10-01T08:15:09,2026-09-10T19:42:30.722752
1.0,RESEARCH_PAPER,Strategy for Boosting Pair Comparison and Improving Quality Assessment Accuracy,"Suiyi Ling, Jing Li, Anne Flore Perrin, Zhi Li, Lukáš Krasula, Patrick Le Callet",http://arxiv.org/abs/2010.00370v1,,,2020-10-01T13:05:09,2026-09-10T19:42:30.722780
1.0,RESEARCH_PAPER,SST-BERT at SemEval-2020 Task 1: Semantic Shift Tracing by Clustering in BERT-based Embedding Spaces,"K Vani, Sandra Mitrovic, Alessandro Antonucci, Fabio Rinaldi",http://arxiv.org/abs/2010.00857v1,,,2020-10-02T08:38:40,2026-09-10T19:42:30.722808
1.0,RESEARCH_PAPER,Time Matters: Time-Aware LSTMs for Predictive Business Process Monitoring,"An Nguyen, Srijeet Chatterjee, Sven Weinzierl, Leo Schwinn, Martin Matzner, Bjoern Eskofier",http://arxiv.org/abs/2010.00889v3,,,2020-10-02T09:37:07,2026-09-10T19:42:30.722837
1.0,RESEARCH_PAPER,Towards a Measure of Individual Fairness for Deep Learning,"Krystal Maughan, Joseph P. Near",http://arxiv.org/abs/2009.13650v1,,,2020-09-28T21:53:21,2026-09-10T19:42:30.722866
1.0,RESEARCH_PAPER,Large-Scale Cargo Distribution,"Luka Stopar, Luka Bradesko, Tobias Jacobs, Azur Kurbašić, Miha Cimperman",http://arxiv.org/abs/2009.14187v1,,,2020-09-29T17:55:43,2026-09-10T19:42:30.722893
1.0,RESEARCH_PAPER,Analysis of the displacement of terrestrial mobile robots in corridors using paraconsistent annotated evidential logic eτ,"Flavio Amadeu Bernardini, Marcia Terra da Silva, Jair Minoro Abe, Luiz Antonio de Lima, Kanstantsin Miatluk",http://arxiv.org/abs/2009.14192v1,,,2020-09-29T17:57:54,2026-09-10T19:42:30.722920
1.0,RESEARCH_PAPER,NADI 2020: The First Nuanced Arabic Dialect Identification Shared Task,"Muhammad Abdul-Mageed, Chiyu Zhang, Houda Bouamor, Nizar Habash",http://arxiv.org/abs/2010.11334v3,,,2020-10-21T22:14:28,2026-09-10T19:42:30.722947
1.0,RESEARCH_PAPER,NU-GAN: High resolution neural upsampling with GAN,"Rithesh Kumar, Kundan Kumar, Vicki Anand, Yoshua Bengio, Aaron Courville",http://arxiv.org/abs/2010.11362v1,,,2020-10-22T01:00:23,2026-09-10T19:42:30.722974
1.0,RESEARCH_PAPER,Basket Recommendation with Multi-Intent Translation Graph Neural Network,"Zhiwei Liu, Xiaohan Li, Ziwei Fan, Stephen Guo, Kannan Achan, Philip S. Yu",http://arxiv.org/abs/2010.11419v1,,,2020-10-22T03:52:00,2026-09-10T19:42:30.723001
1.0,RESEARCH_PAPER,Meta-trained agents implement Bayes-optimal agents,"Vladimir Mikulik, Grégoire Delétang, Tom McGrath, Tim Genewein, Miljan Martic, Shane Legg, Pedro A. Ortega",http://arxiv.org/abs/2010.11223v1,,,2020-10-21T18:05:21,2026-09-10T19:42:30.723029
1.0,RESEARCH_PAPER,A Flatter Loss for Bias Mitigation in Cross-dataset Facial Age Estimation,"Ali Akbari, Muhammad Awais, Zhen-Hua Feng, Ammarah Farooq, Josef Kittler",http://arxiv.org/abs/2010.10368v2,,,2020-10-20T15:22:29,2026-09-10T19:42:30.723056
1.0,RESEARCH_PAPER,Where Is the Normative Proof? Assumptions and Contradictions in ML Fairness Research,A. Feder Cooper,http://arxiv.org/abs/2010.10407v3,,,2020-10-20T16:13:46,2026-09-10T19:42:30.723084
1.0,RESEARCH_PAPER,Towards Scalable Distributed Training of Deep Learning on Public Cloud Clusters,"Shaohuai Shi, Xianhao Zhou, Shutao Song, Xingyao Wang, Zilin Zhu, Xue Huang, Xinan Jiang, Feihu Zhou, Zhenyu Guo, Liqiang Xie, Rui Lan, Xianbin Ouyang, Yan Zhang, Jieqian Wei, Jing Gong, Weiliang Lin, Ping Gao, Peng Meng, Xiaomin Xu, Chenyang Guo, Bo Yang, Zhibo Chen, Yongjian Wu, Xiaowen Chu",http://arxiv.org/abs/2010.10458v1,,,2020-10-20T17:16:29,2026-09-10T19:42:30.723114
1.0,RESEARCH_PAPER,Amnesiac Machine Learning,"Laura Graves, Vineel Nagisetty, Vijay Ganesh",http://arxiv.org/abs/2010.10981v1,,,2020-10-21T13:14:17,2026-09-10T19:42:30.723140
1.0,RESEARCH_PAPER,Proximal Policy Gradient: PPO with Policy Gradient,"Ju-Seung Byun, Byungmoon Kim, Huamin Wang",http://arxiv.org/abs/2010.09933v1,,,2020-10-20T00:14:57,2026-09-10T19:42:30.723166
1.0,RESEARCH_PAPER,Improving Generalization in Reinforcement Learning with Mixture Regularization,"Kaixin Wang, Bingyi Kang, Jie Shao, Jiashi Feng",http://arxiv.org/abs/2010.10814v1,,,2020-10-21T08:12:03,2026-09-10T19:42:30.723193
1.0,RESEARCH_PAPER,Improved Runtime Results for Simple Randomised Search Heuristics on Linear Functions with a Uniform Constraint,"Frank Neumann, Mojgan Pourhassan, Carsten Witt",http://arxiv.org/abs/2010.10885v1,,,2020-10-21T10:42:39,2026-09-10T19:42:30.723219
1.0,RESEARCH_PAPER,A Maximum Independent Set Method for Scheduling Earth Observing Satellite Constellations,"Duncan Eddy, Mykel J. Kochenderfer",http://arxiv.org/abs/2008.08446v1,,,2020-08-15T19:32:21,2026-09-10T19:42:30.723245
1.0,RESEARCH_PAPER,Analysis of Social Robotic Navigation approaches: CNN Encoder and Incremental Learning as an alternative to Deep Reinforcement Learning,"Janderson Ferreira, Agostinho A. F. Júnior, Letícia Castro, Yves M. Galvão, Pablo Barros, Bruno J. T. Fernandes",http://arxiv.org/abs/2008.07965v2,,,2020-08-18T14:54:24,2026-09-10T19:42:30.723273
1.0,RESEARCH_PAPER,"Urban Bike Lane Planning with Bike Trajectories: Models, Algorithms, and a Real-World Case Study","Sheng Liu, Zuo-Jun Max Shen, Xiang Ji",http://arxiv.org/abs/2008.09645v1,,,2020-08-21T18:46:51,2026-09-10T19:42:30.723334
1.0,RESEARCH_PAPER,Few-Shot Image Classification via Contrastive Self-Supervised Learning,"Jianyi Li, Guizhong Liu",http://arxiv.org/abs/2008.09942v1,,,2020-08-23T02:24:31,2026-09-10T19:42:30.723384
1.0,RESEARCH_PAPER,Towards a Flexible Embedding Learning Framework,"Chin-Chia Michael Yeh, Dhruv Gelda, Zhongfang Zhuang, Yan Zheng, Liang Gou, Wei Zhang",http://arxiv.org/abs/2009.10989v1,,,2020-09-23T08:00:56,2026-09-10T19:42:30.723434
1.0,RESEARCH_PAPER,Unsupervised Feature Learning for Event Data: Direct vs Inverse Problem Formulation,"Dimche Kostadinov, Davide Scaramuzza",http://arxiv.org/abs/2009.11044v2,,,2020-09-23T10:40:03,2026-09-10T19:42:30.723489
1.0,RESEARCH_PAPER,Understanding Fairness of Gender Classification Algorithms Across Gender-Race Groups,"Anoop Krishnan, Ali Almadan, Ajita Rattani",http://arxiv.org/abs/2009.11491v1,,,2020-09-24T04:56:10,2026-09-10T19:42:30.723538
1.0,RESEARCH_PAPER,On Data Augmentation for Extreme Multi-label Classification,"Danqing Zhang, Tao Li, Haiyang Zhang, Bing Yin",http://arxiv.org/abs/2009.10778v1,,,2020-09-22T19:31:08,2026-09-10T19:42:30.723588
1.0,RESEARCH_PAPER,Behavioral Repertoires for Soft Tensegrity Robots,"Kyle Doney, Aikaterini Petridou, Jacob Karaul, Ali Khan, Geoffrey Liu, John Rieffel",http://arxiv.org/abs/2009.10864v2,,,2020-09-23T00:09:35,2026-09-10T19:42:30.723642
1.0,RESEARCH_PAPER,Online AUC Optimization for Sparse High-Dimensional Datasets,"Baojian Zhou, Yiming Ying, Steven Skiena",http://arxiv.org/abs/2009.10867v1,,,2020-09-23T00:50:01,2026-09-10T19:42:30.723691
1.0,RESEARCH_PAPER,Pruning Convolutional Filters using Batch Bridgeout,"Najeeb Khan, Ian Stavness",http://arxiv.org/abs/2009.10893v1,,,2020-09-23T01:51:47,2026-09-10T19:42:30.723741
1.0,RESEARCH_PAPER,AliMe KG: Domain Knowledge Graph Construction and Application in E-commerce,"Feng-Lin Li, Hehong Chen, Guohai Xu, Tian Qiu, Feng Ji, Ji Zhang, Haiqing Chen",http://arxiv.org/abs/2009.11684v1,,,2020-09-24T13:40:18,2026-09-10T19:42:30.723793
1.0,RESEARCH_PAPER,Enterprise AI Canvas -- Integrating Artificial Intelligence into Business,U. Kerzel,http://arxiv.org/abs/2009.11190v1,,,2020-09-18T07:30:56,2026-09-10T19:42:30.723843
1.0,RESEARCH_PAPER,Scalable Adversarial Attack on Graph Neural Networks with Alternating Direction Method of Multipliers,"Boyuan Feng, Yuke Wang, Xu Li, Yufei Ding",http://arxiv.org/abs/2009.10233v1,,,2020-09-22T00:33:36,2026-09-10T19:42:30.723891
1.0,RESEARCH_PAPER,SQuARE: Semantics-based Question Answering and Reasoning Engine,"Kinjal Basu, Sarat Chandra Varanasi, Farhad Shakerin, Gopal Gupta",http://arxiv.org/abs/2009.10239v1,,,2020-09-22T00:48:18,2026-09-10T19:42:30.723942
1.0,RESEARCH_PAPER,Differentially Private Secure Multi-Party Computation for Federated Learning in Financial Applications,"David Byrd, Antigoni Polychroniadou",http://arxiv.org/abs/2010.05867v1,,,2020-10-12T17:16:27,2026-09-10T19:42:30.723990
1.0,RESEARCH_PAPER,How does Weight Correlation Affect the Generalisation Ability of Deep Neural Networks,"Gaojie Jin, Xinping Yi, Liang Zhang, Lijun Zhang, Sven Schewe, Xiaowei Huang",http://arxiv.org/abs/2010.05983v3,,,2020-10-12T19:18:27,2026-09-10T19:42:30.724039
1.0,RESEARCH_PAPER,Evaluating the Safety of Deep Reinforcement Learning Models using Semi-Formal Verification,"Davide Corsi, Enrico Marchesini, Alessandro Farinelli",http://arxiv.org/abs/2010.09387v1,,,2020-10-19T11:18:06,2026-09-10T19:42:30.724087
1.0,RESEARCH_PAPER,Query-aware Tip Generation for Vertical Search,"Yang Yang, Junmei Hao, Canjia Li, Zili Wang, Jingang Wang, Fuzheng Zhang, Rao Fu, Peixu Hou, Gong Zhang, Zhongyuan Wang",http://arxiv.org/abs/2010.09254v1,,,2020-10-19T06:48:40,2026-09-10T19:42:30.724138
1.0,RESEARCH_PAPER,SMAC: Symbiotic Multi-Agent Construction,"Caleb Wagner, Neel Dhanaraj, Trevor Rizzo, Josue Contreras, Hannan Liang, Gregory Lewin, Carlo Pinciroli",http://arxiv.org/abs/2010.08473v1,,,2020-10-16T16:19:02,2026-09-10T19:42:30.724189
1.0,RESEARCH_PAPER,Multi-Agent Collaboration via Reward Attribution Decomposition,"Tianjun Zhang, Huazhe Xu, Xiaolong Wang, Yi Wu, Kurt Keutzer, Joseph E. Gonzalez, Yuandong Tian",http://arxiv.org/abs/2010.08531v1,,,2020-10-16T17:42:11,2026-09-10T19:42:30.724243
1.0,RESEARCH_PAPER,DOOM: A Novel Adversarial-DRL-Based Op-Code Level Metamorphic Malware Obfuscator for the Enhancement of IDS,"Mohit Sewak, Sanjay K. Sahay, Hemant Rathore",http://arxiv.org/abs/2010.08608v1,,,2020-10-16T19:57:06,2026-09-10T19:42:30.724297
1.0,RESEARCH_PAPER,DIME: An Online Tool for the Visual Comparison of Cross-Modal Retrieval Models,"Tony Zhao, Jaeyoung Choi, Gerald Friedland",http://arxiv.org/abs/2010.09641v1,,,2020-10-19T16:35:30,2026-09-10T19:42:30.724349
1.0,RESEARCH_PAPER,Filtered Batch Normalization,"Andras Horvath, Jalal Al-afandi",http://arxiv.org/abs/2010.08251v1,,,2020-10-16T08:56:57,2026-09-10T19:42:30.724400
1.0,RESEARCH_PAPER,On the Usage of Generative Models for Network Anomaly Detection in Multivariate Time-Series,"Gastón García González, Pedro Casas, Alicia Fernández, Gabriel Gómez",http://arxiv.org/abs/2010.08286v1,,,2020-10-16T10:22:25,2026-09-10T19:42:30.727981
1.0,RESEARCH_PAPER,On the surprising similarities between supervised and self-supervised models,"Robert Geirhos, Kantharaju Narayanappa, Benjamin Mitzkus, Matthias Bethge, Felix A. Wichmann, Wieland Brendel",http://arxiv.org/abs/2010.08377v1,,,2020-10-16T13:28:13,2026-09-10T19:42:30.728284
1.0,RESEARCH_PAPER,Imitation with Neural Density Models,"Kuno Kim, Akshat Jindal, Yang Song, Jiaming Song, Yanan Sui, Stefano Ermon",http://arxiv.org/abs/2010.09808v1,,,2020-10-19T19:38:36,2026-09-10T19:42:30.728427
1.0,RESEARCH_PAPER,Autonomous Control of a Particle Accelerator using Deep Reinforcement Learning,"Xiaoying Pang, Sunil Thulasidasan, Larry Rybarcyk",http://arxiv.org/abs/2010.08141v2,,,2020-10-16T04:02:01,2026-09-10T19:42:30.728514
1.0,RESEARCH_PAPER,Generating Diverse Translation from Model Distribution with Dropout,"Xuanfu Wu, Yang Feng, Chenze Shao",http://arxiv.org/abs/2010.08178v1,,,2020-10-16T05:50:00,2026-09-10T19:42:30.728580
1.0,RESEARCH_PAPER,Emergent and Unspecified Behaviors in Streaming Decision Trees,"Chaitanya Manapragada, Geoffrey I Webb, Mahsa Salehi, Albert Bifet",http://arxiv.org/abs/2010.08199v1,,,2020-10-16T07:02:30,2026-09-10T19:42:30.728644
1.0,RESEARCH_PAPER,Unsupervised Natural Language Inference via Decoupled Multimodal Contrastive Learning,"Wanyun Cui, Guangyu Zheng, Wei Wang",http://arxiv.org/abs/2010.08200v1,,,2020-10-16T07:12:53,2026-09-10T19:42:30.728707
1.0,RESEARCH_PAPER,Deep-HOSeq: Deep Higher Order Sequence Fusion for Multimodal Sentiment Analysis,"Sunny Verma, Jiwei Wang, Zhefeng Ge, Rujia Shen, Fan Jin, Yang Wang, Fang Chen, Wei Liu",http://arxiv.org/abs/2010.08218v1,,,2020-10-16T08:02:11,2026-09-10T19:42:30.728768
1.0,RESEARCH_PAPER,Answer Span Correction in Machine Reading Comprehension,"Revanth Gangi Reddy, Md Arafat Sultan, Efsun Sarioglu Kayi, Rong Zhang, Vittorio Castelli, Avirup Sil",http://arxiv.org/abs/2011.03435v1,,,2020-11-06T15:31:07,2026-09-10T19:42:30.728828
1.0,RESEARCH_PAPER,Learning with Molecules beyond Graph Neural Networks,"Gustav Sourek, Filip Zelezny, Ondrej Kuzelka",http://arxiv.org/abs/2011.03488v1,,,2020-11-06T17:42:42,2026-09-10T19:42:30.728886
1.0,RESEARCH_PAPER,"Graph integration of structured, semistructured and unstructured data for data journalism","Oana Balalau, Catarina Conceiç{ã}o, Helena Galhardas, Ioana Manolescu, Tayeb Merabti, Jingmao You, Youssr Youssef",http://arxiv.org/abs/2007.12488v2,,,2020-07-23T08:55:09,2026-09-10T19:42:30.728943
1.0,RESEARCH_PAPER,Learning through Probing: a decentralized reinforcement learning architecture for social dilemmas,"Nicolas Anastassacos, Mirco Musolesi",http://arxiv.org/abs/1809.10007v2,,,2018-09-26T14:10:13,2026-09-10T19:42:30.728999
1.0,RESEARCH_PAPER,Active Reinforcement Learning: Observing Rewards at a Cost,"David Krueger, Jan Leike, Owain Evans, John Salvatier",http://arxiv.org/abs/2011.06709v2,,,2020-11-13T01:01:13,2026-09-10T19:42:30.729054
1.0,RESEARCH_PAPER,Heterogeneous Graph Collaborative Filtering,"Zekun Li, Yujia Zheng, Shu Wu, Xiaoyu Zhang, Liang Wang",http://arxiv.org/abs/2011.06807v2,,,2020-11-13T08:34:53,2026-09-10T19:42:30.729150
1.0,RESEARCH_PAPER,Fuzzy Stochastic Timed Petri Nets for Causal properties representation,"Alejandro Sobrino, Eduardo C. Garrido-Merchan, Cristina Puente",http://arxiv.org/abs/2011.12075v1,,,2020-11-24T13:22:34,2026-09-10T19:42:30.729216
1.0,RESEARCH_PAPER,Tackling Domain-Specific Winograd Schemas with Knowledge-Based Reasoning and Machine Learning,"Suk Joon Hong, Brandon Bennett",http://arxiv.org/abs/2011.12081v1,,,2020-11-24T13:34:38,2026-09-10T19:42:30.729271
1.0,RESEARCH_PAPER,Supervised Learning Achieves Human-Level Performance in MOBA Games: A Case Study of Honor of Kings,"Deheng Ye, Guibin Chen, Peilin Zhao, Fuhao Qiu, Bo Yuan, Wen Zhang, Sheng Chen, Mingfei Sun, Xiaoqian Li, Siqin Li, Jing Liang, Zhenjie Lian, Bei Shi, Liang Wang, Tengfei Shi, Qiang Fu, Wei Yang, Lanxiao Huang",http://arxiv.org/abs/2011.12582v1,,,2020-11-25T08:45:55,2026-09-10T19:42:30.729328
1.0,RESEARCH_PAPER,"The Geometry of Distributed Representations for Better Alignment, Attenuated Bias, and Improved Interpretability",Sunipa Dev,http://arxiv.org/abs/2011.12465v1,,,2020-11-25T01:04:11,2026-09-10T19:42:30.729385
1.0,RESEARCH_PAPER,Manifold Partition Discriminant Analysis,"Yang Zhou, Shiliang Sun",http://arxiv.org/abs/2011.11521v1,,,2020-11-23T16:33:23,2026-09-10T19:42:30.729444
1.0,RESEARCH_PAPER,Large Scale Multimodal Classification Using an Ensemble of Transformer Models and Co-Attention,"Varnith Chordia, Vijay Kumar BG",http://arxiv.org/abs/2011.11735v1,,,2020-11-23T21:22:54,2026-09-10T19:42:30.729498
1.0,RESEARCH_PAPER,Learning to Resolve Conflicts for Multi-Agent Path Finding with Conflict-Based Search,"Taoan Huang, Bistra Dilkina, Sven Koenig",http://arxiv.org/abs/2012.06005v1,,,2020-12-10T22:44:35,2026-09-10T19:42:30.729654
1.0,RESEARCH_PAPER,Price Suggestion for Online Second-hand Items with Texts and Images,"Liang Han, Zhaozheng Yin, Zhurong Xia, Mingqian Tang, Rong Jin",http://arxiv.org/abs/2012.06008v1,,,2020-12-10T22:50:42,2026-09-10T19:42:30.730402
1.0,RESEARCH_PAPER,Cost-to-Go Function Generating Networks for High Dimensional Motion Planning,"Jinwook Huh, Volkan Isler, Daniel D. Lee",http://arxiv.org/abs/2012.06023v1,,,2020-12-10T23:38:53,2026-09-10T19:42:30.731033
1.0,RESEARCH_PAPER,Provable Defense against Privacy Leakage in Federated Learning from Representation Perspective,"Jingwei Sun, Ang Li, Binghui Wang, Huanrui Yang, Hai Li, Yiran Chen",http://arxiv.org/abs/2012.06043v1,,,2020-12-08T20:42:12,2026-09-10T19:42:30.731284
1.0,RESEARCH_PAPER,Approches quantitatives de l'analyse des pr{é}dictions en traduction automatique neuronale (TAN),"Maria Zimina-Poirot, Nicolas Ballier, Jean-Baptiste Yunès",http://arxiv.org/abs/2012.05541v1,,,2020-12-10T09:31:59,2026-09-10T19:42:30.731435
1.0,RESEARCH_PAPER,Equivalent Causal Models,Sander Beckers,http://arxiv.org/abs/2012.05603v1,,,2020-12-10T11:43:35,2026-09-10T19:42:30.731585
1.0,RESEARCH_PAPER,Scalable and interpretable rule-based link prediction for large heterogeneous knowledge graphs,"Simon Ott, Laura Graf, Asan Agibetov, Christian Meilicke, Matthias Samwald",http://arxiv.org/abs/2012.05750v1,,,2020-12-10T15:36:47,2026-09-10T19:42:30.731736
1.0,RESEARCH_PAPER,Deliberative and Conceptual Inference in Service Robots,"Luis A. Pineda, Noé Hernández, Arturo Rodríguez, Ricardo Cruz, Gibrán Fuentes",http://arxiv.org/abs/2012.07121v1,,,2020-12-13T18:30:15,2026-09-10T19:42:30.731831
1.0,RESEARCH_PAPER,Learning Contextual Causality from Time-consecutive Images,"Hongming Zhang, Yintong Huo, Xinran Zhao, Yangqiu Song, Dan Roth",http://arxiv.org/abs/2012.07138v1,,,2020-12-13T20:24:48,2026-09-10T19:42:30.731904
1.0,RESEARCH_PAPER,"Revisiting ""Qualitatively Characterizing Neural Network Optimization Problems""",Jonathan Frankle,http://arxiv.org/abs/2012.06898v1,,,2020-12-12T20:01:33,2026-09-10T19:42:30.731968
1.0,RESEARCH_PAPER,GAN-based Recommendation with Positive-Unlabeled Sampling,"Yao Zhou, Jianpeng Xu, Jun Wu, Zeinab Taghavi Nasrabadi, Evren Korpeoglu, Kannan Achan, Jingrui He",http://arxiv.org/abs/2012.06901v1,,,2020-12-12T20:08:51,2026-09-10T19:42:30.732026
1.0,RESEARCH_PAPER,OPAC: Opportunistic Actor-Critic,"Srinjoy Roy, Saptam Bakshi, Tamal Maharaj",http://arxiv.org/abs/2012.06555v1,,,2020-12-11T18:33:35,2026-09-10T19:42:30.732082
1.0,RESEARCH_PAPER,Learning Multi-Arm Manipulation Through Collaborative Teleoperation,"Albert Tung, Josiah Wong, Ajay Mandlekar, Roberto Martín-Martín, Yuke Zhu, Li Fei-Fei, Silvio Savarese",http://arxiv.org/abs/2012.06738v1,,,2020-12-12T05:43:43,2026-09-10T19:42:30.732140
1.0,RESEARCH_PAPER,Biased Models Have Biased Explanations,"Aditya Jain, Manish Ravula, Joydeep Ghosh",http://arxiv.org/abs/2012.10986v1,,,2020-12-20T18:09:45,2026-09-10T19:42:30.732226
1.0,RESEARCH_PAPER,A Single Iterative Step for Anytime Causal Discovery,"Raanan Y. Rohekar, Yaniv Gurwicz, Shami Nisimov, Gal Novik",http://arxiv.org/abs/2012.07513v2,,,2020-12-14T13:46:01,2026-09-10T19:42:30.732286
1.0,RESEARCH_PAPER,Detecting Insincere Questions from Text: A Transfer Learning Approach,"Ashwin Rachha, Gaurav Vanmane",http://arxiv.org/abs/2012.07587v1,,,2020-12-07T15:03:48,2026-09-10T19:42:30.732341
1.0,RESEARCH_PAPER,"Infrastructure for Artificial Intelligence, Quantum and High Performance Computing","William Gropp, Sujata Banerjee, Ian Foster",http://arxiv.org/abs/2012.09303v1,,,2020-12-16T22:41:24,2026-09-10T19:42:30.732396
1.0,RESEARCH_PAPER,Series Saliency: Temporal Interpretation for Multivariate Time Series Forecasting,"Qingyi Pan, Wenbo Hu, Jun Zhu",http://arxiv.org/abs/2012.09324v1,,,2020-12-16T23:48:00,2026-09-10T19:42:30.732451
1.0,RESEARCH_PAPER,Computational principles of intelligence: learning and reasoning with neural networks,Abel Torres Montoya,http://arxiv.org/abs/2012.09477v1,,,2020-12-17T10:03:26,2026-09-10T19:42:30.732506
1.0,RESEARCH_PAPER,Bandit-based Communication-Efficient Client Selection Strategies for Federated Learning,"Yae Jee Cho, Samarth Gupta, Gauri Joshi, Osman Yağan",http://arxiv.org/abs/2012.08009v1,,,2020-12-14T23:35:03,2026-09-10T19:42:30.732562
1.0,RESEARCH_PAPER,"General Policies, Serializations, and Planning Width","Blai Bonet, Hector Geffner",http://arxiv.org/abs/2012.08033v2,,,2020-12-15T01:33:59,2026-09-10T19:42:30.732617
1.0,RESEARCH_PAPER,Efficient Clustering from Distributions over Topics,"Carlos Badenes-Olmedo, Jose-Luis Redondo García, Oscar Corcho",http://arxiv.org/abs/2012.08206v1,,,2020-12-15T10:52:19,2026-09-10T19:42:30.734404
1.0,RESEARCH_PAPER,Can Transformers Reason About Effects of Actions?,"Pratyay Banerjee, Chitta Baral, Man Luo, Arindam Mitra, Kuntal Pal, Tran C. Son, Neeraj Varshney",http://arxiv.org/abs/2012.09938v1,,,2020-12-17T21:12:58,2026-09-10T19:42:30.734825
1.0,RESEARCH_PAPER,Binomial Tails for Community Analysis,"Omid Madani, Thanh Ngo, Weifei Zeng, Sai Ankith Averine, Sasidhar Evuru, Varun Malhotra, Shashidhar Gandham, Navindra Yadav",http://arxiv.org/abs/2012.09968v1,,,2020-12-17T23:04:10,2026-09-10T19:42:30.734961
1.0,RESEARCH_PAPER,Building domain specific lexicon based on TikTok comment dataset,Hao Jiaxiang,http://arxiv.org/abs/2012.08773v1,,,2020-12-16T07:26:43,2026-09-10T19:42:30.735043
1.0,RESEARCH_PAPER,Polynomial-Time Algorithms for Counting and Sampling Markov Equivalent DAGs,"Marcel Wienöbst, Max Bannach, Maciej Liśkiewicz",http://arxiv.org/abs/2012.09679v1,,,2020-12-17T15:47:15,2026-09-10T19:42:30.735109
1.0,RESEARCH_PAPER,Building and Using Personal Knowledge Graph to Improve Suicidal Ideation Detection on Social Media,"Lei Cao, Huijun Zhang, Ling Feng",http://arxiv.org/abs/2012.09123v1,,,2020-12-16T18:09:32,2026-09-10T19:42:30.735170
1.0,RESEARCH_PAPER,An Improved Simulation Model for Pedestrian Crowd Evacuation,"Danial A. Muhammed, Tarik A. Rashid, Abeer Alsadoon, Nebojsa Bacanin, Polla Fattah, Mokhtar Mohammadi, Indradip Banerjee",http://arxiv.org/abs/2012.09135v1,,,2020-12-04T18:25:03,2026-09-10T19:42:30.735227
1.0,RESEARCH_PAPER,KompaRe: A Knowledge Graph Comparative Reasoning System,"Lihui Liu, Boxin Du, Heng Ji, Hanghang Tong",http://arxiv.org/abs/2011.03189v1,,,2020-11-06T04:57:37,2026-09-10T19:42:30.735281
1.0,RESEARCH_PAPER,Improving Commonsense Question Answering by Graph-based Iterative Retrieval over Multiple Knowledge Sources,"Qianglong Chen, Feng Ji, Haiqing Chen, Yin Zhang",http://arxiv.org/abs/2011.02705v1,,,2020-11-05T08:50:43,2026-09-10T19:42:30.735335
1.0,RESEARCH_PAPER,Architecture Agnostic Neural Networks,"Sabera Talukder, Guruprasad Raghavan, Yisong Yue",http://arxiv.org/abs/2011.02712v2,,,2020-11-05T09:04:07,2026-09-10T19:42:30.735389
1.0,RESEARCH_PAPER,Learning Generalizable Physiological Representations from Large-scale Wearable Data,"Dimitris Spathis, Ignacio Perez-Pozuelo, Soren Brage, Nicholas J. Wareham, Cecilia Mascolo",http://arxiv.org/abs/2011.04601v1,,,2020-11-09T17:56:03,2026-09-10T19:42:30.735442
1.0,RESEARCH_PAPER,Differentially Private Synthetic Data: Applied Evaluations and Enhancements,"Lucas Rosenblatt, Xiaoyan Liu, Samira Pouyanfar, Eduardo de Leon, Anuj Desai, Joshua Allen",http://arxiv.org/abs/2011.05537v1,,,2020-11-11T04:03:08,2026-09-10T19:42:30.735502
1.0,RESEARCH_PAPER,Parameterized Explainer for Graph Neural Network,"Dongsheng Luo, Wei Cheng, Dongkuan Xu, Wenchao Yu, Bo Zong, Haifeng Chen, Xiang Zhang",http://arxiv.org/abs/2011.04573v1,,,2020-11-09T17:15:03,2026-09-10T19:42:30.735556
1.0,RESEARCH_PAPER,Mitigating the Impact of Adversarial Attacks in Very Deep Networks,"Mohammed Hassanin, Ibrahim Radwan, Nour Moustafa, Murat Tahtali, Neeraj Kumar",http://arxiv.org/abs/2012.04750v1,,,2020-12-08T21:25:44,2026-09-10T19:42:30.735609
1.0,RESEARCH_PAPER,Generalization bounds for deep learning,"Guillermo Valle-Pérez, Ard A. Louis",http://arxiv.org/abs/2012.04115v2,,,2020-12-07T23:45:09,2026-09-10T19:42:30.735660
1.0,RESEARCH_PAPER,Neural fidelity warping for efficient robot morphology design,"Sha Hu, Zeshi Yang, Greg Mori",http://arxiv.org/abs/2012.04195v2,,,2020-12-08T03:41:22,2026-09-10T19:42:30.735725
1.0,RESEARCH_PAPER,Improving Constraint Satisfaction Algorithm Efficiency for the AllDifferent Constraint,Geoff Harris,http://arxiv.org/abs/2012.03624v2,,,2020-12-07T12:14:55,2026-09-10T19:42:30.735781
1.0,RESEARCH_PAPER,An Enriched Automated PV Registry: Combining Image Recognition and 3D Building Data,"Benjamin Rausch, Kevin Mayer, Marie-Louise Arlt, Gunther Gust, Philipp Staudt, Christof Weinhardt, Dirk Neumann, Ram Rajagopal",http://arxiv.org/abs/2012.03690v1,,,2020-12-07T13:45:08,2026-09-10T19:42:30.735835
1.0,RESEARCH_PAPER,Risk Management Framework for Machine Learning Security,"Jakub Breier, Adrian Baldwin, Helen Balinsky, Yang Liu",http://arxiv.org/abs/2012.04884v1,,,2020-12-09T06:21:34,2026-09-10T19:42:30.735887
1.0,RESEARCH_PAPER,Inter-layer Information Similarity Assessment of Deep Neural Networks Via Topological Similarity and Persistence Analysis of Data Neighbour Dynamics,"Andrew Hryniowski, Alexander Wong",http://arxiv.org/abs/2012.03793v1,,,2020-12-07T15:34:58,2026-09-10T19:42:30.735938
1.0,RESEARCH_PAPER,On Irrelevant Literals in Pseudo-Boolean Constraint Learning,"Danel Le Berre, Pierre Marquis, Stefan Mengel, Romain Wallon",http://arxiv.org/abs/2012.04424v1,,,2020-12-08T13:52:09,2026-09-10T19:42:30.735990
1.0,RESEARCH_PAPER,Efficient Heuristic Generation for Robot Path Planning with Recurrent Generative Model,"Zhaoting Li, Jiankun Wang, Max Q. -H. Meng",http://arxiv.org/abs/2012.03449v1,,,2020-12-07T05:03:03,2026-09-10T19:42:30.736044
1.0,RESEARCH_PAPER,"A Unifying Framework for Formal Theories of Novelty:Framework, Examples and Discussion","T. E. Boult, P. A. Grabowicz, D. S. Prijatelj, R. Stern, L. Holder, J. Alspector, M. Jafarzadeh, T. Ahmad, A. R. Dhamija, C. Li, S. Cruz, A. Shrivastava, C. Vondrick, W. J. Scheirer",http://arxiv.org/abs/2012.04226v1,,,2020-12-08T05:24:51,2026-09-10T19:42:30.736100
1.0,RESEARCH_PAPER,SEDRo: A Simulated Environment for Developmental Robotics,"Aishwarya Pothula, Md Ashaduzzaman Rubel Mondol, Sanath Narasimhan, Sm Mazharul Islam, Deokgun Park",http://arxiv.org/abs/2009.01810v1,,,2020-09-03T17:16:54,2026-09-10T19:42:30.736162
1.0,RESEARCH_PAPER,QiaoNing at SemEval-2020 Task 4: Commonsense Validation and Explanation system based on ensemble of language model,Pai Liu,http://arxiv.org/abs/2009.02645v1,,,2020-09-06T05:12:50,2026-09-10T19:42:30.736215
1.0,RESEARCH_PAPER,Ordinal-Content VAE: Isolating Ordinal-Valued Content Factors in Deep Latent Variable Models,"Minyoung Kim, Vladimir Pavlovic",http://arxiv.org/abs/2009.03034v1,,,2020-09-07T11:59:27,2026-09-10T19:42:30.736267
1.0,RESEARCH_PAPER,Progressive Bilateral-Context Driven Model for Post-Processing Person Re-Identification,"Min Cao, Chen Chen, Hao Dou, Xiyuan Hu, Silong Peng, Arjan Kuijper",http://arxiv.org/abs/2009.03098v1,,,2020-09-07T13:35:09,2026-09-10T19:42:30.736320
1.0,RESEARCH_PAPER,Policy Gradient Reinforcement Learning for Policy Represented by Fuzzy Rules: Application to Simulations of Speed Control of an Automobile,"Seiji Ishihara, Harukazu Igarashi",http://arxiv.org/abs/2009.02083v1,,,2020-09-04T09:30:13,2026-09-10T19:42:30.739271
1.0,RESEARCH_PAPER,Edge-variational Graph Convolutional Networks for Uncertainty-aware Disease Prediction,"Yongxiang Huang, Albert C. S. Chung",http://arxiv.org/abs/2009.02759v1,,,2020-09-06T15:53:17,2026-09-10T19:42:30.740165
1.0,RESEARCH_PAPER,DEAP Cache: Deep Eviction Admission and Prefetching for Cache,"Ayush Mangal, Jitesh Jain, Keerat Kaur Guliani, Omkar Bhalerao",http://arxiv.org/abs/2009.09206v1,,,2020-09-19T10:23:15,2026-09-10T19:42:30.740449
1.0,RESEARCH_PAPER,Humans learn too: Better Human-AI Interaction using Optimized Human Inputs,Johannes Schneider,http://arxiv.org/abs/2009.09266v1,,,2020-09-19T16:30:37,2026-09-10T19:42:30.741086
1.0,RESEARCH_PAPER,Factorized Deep Generative Models for Trajectory Generation with Spatiotemporal-Validity Constraints,"Liming Zhang, Liang Zhao, Dieter Pfoser",http://arxiv.org/abs/2009.09333v1,,,2020-09-20T02:06:36,2026-09-10T19:42:32.749253
1.0,RESEARCH_PAPER,Biomedical Event Extraction with Hierarchical Knowledge Graphs,"Kung-Hsiang Huang, Mu Yang, Nanyun Peng",http://arxiv.org/abs/2009.09335v3,,,2020-09-20T02:25:05,2026-09-10T19:42:32.749377
1.0,RESEARCH_PAPER,GRAC: Self-Guided and Self-Regularized Actor-Critic,"Lin Shao, Yifan You, Mengyuan Yan, Qingyun Sun, Jeannette Bohg",http://arxiv.org/abs/2009.08973v2,,,2020-09-18T17:58:29,2026-09-10T19:42:32.749450
1.0,RESEARCH_PAPER,Thermal and IR Drop Analysis Using Convolutional Encoder-Decoder Networks,"Vidya A. Chhabria, Vipul Ahuja, Ashwath Prabhu, Nikhil Patil, Palkesh Jain, Sachin S. Sapatnekar",http://arxiv.org/abs/2009.09009v1,,,2020-09-18T18:29:24,2026-09-10T19:42:32.749516
1.0,RESEARCH_PAPER,Deep Reinforcement Learning for Closed-Loop Blood Glucose Control,"Ian Fox, Joyce Lee, Rodica Pop-Busui, Jenna Wiens",http://arxiv.org/abs/2009.09051v1,,,2020-09-18T20:15:02,2026-09-10T19:42:32.749579
1.0,RESEARCH_PAPER,Dynamic Horizon Value Estimation for Model-based Reinforcement Learning,"Junjie Wang, Qichao Zhang, Dongbin Zhao, Mengchen Zhao, Jianye Hao",http://arxiv.org/abs/2009.09593v1,,,2020-09-21T03:09:33,2026-09-10T19:42:32.749639
1.0,RESEARCH_PAPER,Weakly Supervised Learning of Nuanced Frames for Analyzing Polarization in News Media,"Shamik Roy, Dan Goldwasser",http://arxiv.org/abs/2009.09609v1,,,2020-09-21T04:29:54,2026-09-10T19:42:32.749737
1.0,RESEARCH_PAPER,DeepDyve: Dynamic Verification for Deep Neural Networks,"Yu Li, Min Li, Bo Luo, Ye Tian, Qiang Xu",http://arxiv.org/abs/2009.09663v2,,,2020-09-21T07:58:18,2026-09-10T19:42:32.749799
1.0,RESEARCH_PAPER,Online Semi-Supervised Learning in Contextual Bandits with Episodic Reward,Baihan Lin,http://arxiv.org/abs/2009.08457v2,,,2020-09-17T20:41:02,2026-09-10T19:42:32.749857
1.0,RESEARCH_PAPER,Dealing with Incompatibilities among Procedural Goals under Uncertainty,"Mariela Morveli-Espinoza, Juan Carlos Nieves, Ayslan Trevizan Possebom, Cesar Augusto Tacla",http://arxiv.org/abs/2009.08776v1,,,2020-09-17T00:56:45,2026-09-10T19:42:32.749915
1.0,RESEARCH_PAPER,Contextual Bandits for adapting to changing User preferences over time,Dattaraj Rao,http://arxiv.org/abs/2009.10073v2,,,2020-09-21T12:17:42,2026-09-10T19:42:32.749970
1.0,RESEARCH_PAPER,Defending against substitute model black box adversarial attacks with the 01 loss,"Yunzhe Xue, Meiyan Xie, Usman Roshan",http://arxiv.org/abs/2009.09803v1,,,2020-09-01T22:32:51,2026-09-10T19:42:32.750027
1.0,RESEARCH_PAPER,Learning Safe Neural Network Controllers with Barrier Certificates,"Hengjun Zhao, Xia Zeng, Taolue Chen, Zhiming Liu, Jim Woodcock",http://arxiv.org/abs/2009.09826v1,,,2020-09-18T14:55:55,2026-09-10T19:42:32.750082
1.0,RESEARCH_PAPER,Content Planning for Neural Story Generation with Aristotelian Rescoring,"Seraphina Goldfarb-Tarrant, Tuhin Chakrabarty, Ralph Weischedel, Nanyun Peng",http://arxiv.org/abs/2009.09870v2,,,2020-09-21T13:41:32,2026-09-10T19:42:32.750136
1.0,RESEARCH_PAPER,CMAX++ : Leveraging Experience in Planning and Execution using Inaccurate Models,"Anirudh Vemula, J. Andrew Bagnell, Maxim Likhachev",http://arxiv.org/abs/2009.09942v3,,,2020-09-21T14:59:31,2026-09-10T19:42:32.750191
1.0,RESEARCH_PAPER,EM-RBR: a reinforced framework for knowledge graph completion from reasoning perspective,"Zhaochong An, Bozhou Chen, Houde Quan, Qihui Lin, Hongzhi Wang",http://arxiv.org/abs/2009.08656v2,,,2020-09-18T07:02:41,2026-09-10T19:42:32.750247
1.0,RESEARCH_PAPER,Physically Embedded Planning Problems: New Challenges for Reinforcement Learning,"Mehdi Mirza, Andrew Jaegle, Jonathan J. Hunt, Arthur Guez, Saran Tunyasuvunakool, Alistair Muldal, Théophane Weber, Peter Karkus, Sébastien Racanière, Lars Buesing, Timothy Lillicrap, Nicolas Heess",http://arxiv.org/abs/2009.05524v2,,,2020-09-11T16:56:33,2026-09-10T19:42:32.750302
1.0,RESEARCH_PAPER,"The Design Of ""Stratega"": A General Strategy Games Framework","Diego Perez-Liebana, Alexander Dockhorn, Jorge Hurtado Grueso, Dominik Jeurissen",http://arxiv.org/abs/2009.05643v1,,,2020-09-11T20:02:00,2026-09-10T19:42:32.750355
1.0,RESEARCH_PAPER,Teaching Tech to Talk: K-12 Conversational Artificial Intelligence Literacy Curriculum and Development Tools,"Jessica Van Brummelen, Tommy Heng, Viktoriya Tabunshchyk",http://arxiv.org/abs/2009.05653v1,,,2020-09-11T20:52:46,2026-09-10T19:42:32.750409
1.0,RESEARCH_PAPER,Leveraging Semantic Parsing for Relation Linking over Knowledge Bases,"Nandana Mihindukulasooriya, Gaetano Rossiello, Pavan Kapanipathi, Ibrahim Abdelaziz, Srinivas Ravishankar, Mo Yu, Alfio Gliozzo, Salim Roukos, Alexander Gray",http://arxiv.org/abs/2009.07726v1,,,2020-09-16T14:56:11,2026-09-10T19:42:32.750470
1.0,RESEARCH_PAPER,Exploring Bayesian Surprise to Prevent Overfitting and to Predict Model Performance in Non-Intrusive Load Monitoring,"Richard Jones, Christoph Klemenjak, Stephen Makonin, Ivan V. Bajic",http://arxiv.org/abs/2009.07756v1,,,2020-09-16T15:39:08,2026-09-10T19:42:32.750523
1.0,RESEARCH_PAPER,Lessons Learned from Applying off-the-shelf BERT: There is no Silver Bullet,"Victor Makarenkov, Lior Rokach",http://arxiv.org/abs/2009.07238v2,,,2020-09-15T17:24:52,2026-09-10T19:42:32.750580
1.0,RESEARCH_PAPER,Report prepared by the Montreal AI Ethics Institute (MAIEI) on Publication Norms for Responsible AI,"Abhishek Gupta, Camylle Lanteigne, Victoria Heath",http://arxiv.org/abs/2009.07262v2,,,2020-09-15T17:51:40,2026-09-10T19:42:32.750631
1.0,RESEARCH_PAPER,Brain tumour segmentation using cascaded 3D densely-connected U-net,"Mina Ghaffari, Arcot Sowmya, Ruth Oliver",http://arxiv.org/abs/2009.07563v1,,,2020-09-16T09:14:59,2026-09-10T19:42:32.750683
1.0,RESEARCH_PAPER,Optimal Sepsis Patient Treatment using Human-in-the-loop Artificial Intelligence,"Akash Gupta, Michael T. Lash, Senthil K. Nachimuthu",http://arxiv.org/abs/2009.07963v1,,,2020-09-16T22:34:43,2026-09-10T19:42:32.750735
1.0,RESEARCH_PAPER,GeneraLight: Improving Environment Generalization of Traffic Signal Control via Meta Reinforcement Learning,"Chang Liu, Huichu Zhang, Weinan Zhang, Guanjie Zheng, Yong Yu",http://arxiv.org/abs/2009.08052v1,,,2020-09-17T04:14:28,2026-09-10T19:42:32.750789
1.0,RESEARCH_PAPER,DLBCL-Morph: Morphological features computed using deep learning for an annotated digital DLBCL image set,"Damir Vrabac, Akshay Smit, Rebecca Rojansky, Yasodha Natkunam, Ranjana H. Advani, Andrew Y. Ng, Sebastian Fernandez-Pol, Pranav Rajpurkar",http://arxiv.org/abs/2009.08123v3,,,2020-09-17T07:43:42,2026-09-10T19:42:32.750845
1.0,RESEARCH_PAPER,Landscape of Machine Implemented Ethics,Vivek Nallur,http://arxiv.org/abs/2009.00335v1,,,2020-09-01T10:34:59,2026-09-10T19:42:32.750899
1.0,RESEARCH_PAPER,Tasks Integrated Networks: Joint Detection and Retrieval for Image Search,"Lei Zhang, Zhenwei He, Yi Yang, Liang Wang, Xinbo Gao",http://arxiv.org/abs/2009.01438v1,,,2020-09-03T03:57:50,2026-09-10T19:42:32.750952
1.0,RESEARCH_PAPER,Multimodal Deep Learning for Flaw Detection in Software Programs,"Scott Heidbrink, Kathryn N. Rodhouse, Daniel M. Dunlavy",http://arxiv.org/abs/2009.04549v1,,,2020-09-09T20:15:11,2026-09-10T19:42:32.751005
1.0,RESEARCH_PAPER,Region Comparison Network for Interpretable Few-shot Image Classification,"Zhiyu Xue, Lixin Duan, Wen Li, Lin Chen, Jiebo Luo",http://arxiv.org/abs/2009.03558v1,,,2020-09-08T07:29:05,2026-09-10T19:42:32.751062
1.0,RESEARCH_PAPER,Generative Language Modeling for Automated Theorem Proving,"Stanislas Polu, Ilya Sutskever",http://arxiv.org/abs/2009.03393v1,,,2020-09-07T19:50:10,2026-09-10T19:42:32.751114
1.0,RESEARCH_PAPER,TripleTree: A Versatile Interpretable Representation of Black Box Agents and their Environments,"Tom Bewley, Jonathan Lawry",http://arxiv.org/abs/2009.04743v2,,,2020-09-10T09:22:27,2026-09-10T19:42:32.751354
1.0,RESEARCH_PAPER,Polynomial-Time Computation of Optimal Correlated Equilibria in Two-Player Extensive-Form Games with Public Chance Moves and Beyond,"Gabriele Farina, Tuomas Sandholm",http://arxiv.org/abs/2009.04336v1,,,2020-09-09T14:51:58,2026-09-10T19:42:32.751494
1.0,RESEARCH_PAPER,On the Orthogonality of Knowledge Distillation with Other Techniques: From an Ensemble Perspective,"SeongUk Park, KiYoon Yoo, Nojun Kwak",http://arxiv.org/abs/2009.04120v2,,,2020-09-09T06:14:59,2026-09-10T19:42:32.751576
1.0,RESEARCH_PAPER,The Effects of Quantum Randomness on a System Exhibiting Computational Creativity,Azlan Iqbal,http://arxiv.org/abs/2008.11545v2,,,2020-08-22T04:34:17,2026-09-10T19:42:32.751643
1.0,RESEARCH_PAPER,An Impact Model of AI on the Principles of Justice: Encompassing the Autonomous Levels of AI Legal Reasoning,Lance Eliot,http://arxiv.org/abs/2008.12615v1,,,2020-08-26T22:56:41,2026-09-10T19:42:32.751705
1.0,RESEARCH_PAPER,Biomechanic Posture Stabilisation via Iterative Training of Multi-policy Deep Reinforcement Learning Agents,"Mohammed Hossny, Julie Iskander",http://arxiv.org/abs/2008.12210v1,,,2020-08-21T05:58:10,2026-09-10T19:42:32.751763
1.0,RESEARCH_PAPER,Towards General and Autonomous Learning of Core Skills: A Case Study in Locomotion,"Roland Hafner, Tim Hertweck, Philipp Klöppner, Michael Bloesch, Michael Neunert, Markus Wulfmeier, Saran Tunyasuvunakool, Nicolas Heess, Martin Riedmiller",http://arxiv.org/abs/2008.12228v1,,,2020-08-06T08:23:55,2026-09-10T19:42:32.751824
1.0,RESEARCH_PAPER,Disturbances in Influence of a Shepherding Agent is More Impactful than Sensorial Noise During Swarm Guidance,"Hung The Nguyen, Matthew Garratt, Lam Thu Bui, Hussein Abbass",http://arxiv.org/abs/2008.12708v2,,,2020-08-28T15:40:40,2026-09-10T19:42:32.751882
1.0,RESEARCH_PAPER,Relational Data Synthesis using Generative Adversarial Networks: A Design Space Exploration,"Ju Fan, Tongyu Liu, Guoliang Li, Junyou Chen, Yuwei Shen, Xiaoyong Du",http://arxiv.org/abs/2008.12763v1,,,2020-08-28T17:41:11,2026-09-10T19:42:32.751937
1.0,RESEARCH_PAPER,Towards Game Design via Creative Machine Learning (GDCML),"Anurag Sarkar, Seth Cooper",http://arxiv.org/abs/2008.13548v1,,,2020-07-25T21:15:55,2026-09-10T19:42:32.751992
1.0,RESEARCH_PAPER,$β$-Cores: Robust Large-Scale Bayesian Data Summarization in the Presence of Outliers,"Dionysis Manousakas, Cecilia Mascolo",http://arxiv.org/abs/2008.13600v2,,,2020-08-31T13:47:12,2026-09-10T19:42:32.752047
1.0,RESEARCH_PAPER,Corruption and Audit in Strategic Argumentation,Michael J. Maher,http://arxiv.org/abs/2008.13115v1,,,2020-08-30T08:08:26,2026-09-10T19:42:32.752104
1.0,RESEARCH_PAPER,Dual Attention GANs for Semantic Image Synthesis,"Hao Tang, Song Bai, Nicu Sebe",http://arxiv.org/abs/2008.13024v1,,,2020-08-29T17:49:01,2026-09-10T19:42:32.752159
1.0,RESEARCH_PAPER,Benchmarking adversarial attacks and defenses for time-series data,"Shoaib Ahmed Siddiqui, Andreas Dengel, Sheraz Ahmed",http://arxiv.org/abs/2008.13261v1,,,2020-08-30T20:03:35,2026-09-10T19:42:32.752214
1.0,RESEARCH_PAPER,Evaluating Single Image Dehazing Methods Under Realistic Sunlight Haze,"Zahra Anvari, Vassilis Athitsos",http://arxiv.org/abs/2008.13377v1,,,2020-08-31T05:53:26,2026-09-10T19:42:32.752539
1.0,RESEARCH_PAPER,CnGAN: Generative Adversarial Networks for Cross-network user preference generation for non-overlapped users,"Dilruk Perera, Roger Zimmermann",http://arxiv.org/abs/2008.10845v1,,,2020-08-25T06:47:44,2026-09-10T19:42:32.752670
1.0,RESEARCH_PAPER,Receptivity of an AI Cognitive Assistant by the Radiology Community: A Report on Data Collected at RSNA,"Karina Kanjaria, Anup Pillai, Chaitanya Shivade, Marina Bendersky, Ashutosh Jadhav, Vandana Mukherjee, Tanveer Syeda-Mahmood",http://arxiv.org/abs/2009.06082v1,,,2020-09-13T20:40:30,2026-09-10T19:42:32.752763
1.0,RESEARCH_PAPER,Towards the Quantification of Safety Risks in Deep Neural Networks,"Peipei Xu, Wenjie Ruan, Xiaowei Huang",http://arxiv.org/abs/2009.06114v1,,,2020-09-13T23:30:09,2026-09-10T19:42:32.752841
1.0,RESEARCH_PAPER,An Argumentation-based Approach for Explaining Goal Selection in Intelligent Agents,"Mariela Morveli-Espinoza, Cesar Augusto Tacla, Henrique Jasinski",http://arxiv.org/abs/2009.06131v1,,,2020-09-14T01:10:13,2026-09-10T19:42:32.753057
1.0,RESEARCH_PAPER,A Deep Framework for Cross-Domain and Cross-System Recommendations,"Feng Zhu, Yan Wang, Chaochao Chen, Guanfeng Liu, Mehmet Orgun, Jia Wu",http://arxiv.org/abs/2009.06215v1,,,2020-09-14T06:11:17,2026-09-10T19:42:32.753180
1.0,RESEARCH_PAPER,Results of multi-agent system and ontology to manage ideas and represent knowledge in a challenge of creativity,"Pedro Barrios, Davy Monticolo, Sahbi Sidhom",http://arxiv.org/abs/2009.05282v1,,,2020-09-11T08:31:30,2026-09-10T19:42:32.753259
1.0,RESEARCH_PAPER,Multi-Goal Multi-Agent Path Finding via Decoupled and Integrated Goal Vertex Ordering,Pavel Surynek,http://arxiv.org/abs/2009.05161v1,,,2020-09-10T22:27:18,2026-09-10T19:42:32.753324
1.0,RESEARCH_PAPER,Searching for a Search Method: Benchmarking Search Algorithms for Generating NLP Adversarial Examples,"Jin Yong Yoo, John X. Morris, Eli Lifland, Yanjun Qi",http://arxiv.org/abs/2009.06368v2,,,2020-09-09T17:04:42,2026-09-10T19:42:32.753387
1.0,RESEARCH_PAPER,Should We Trust (X)AI? Design Dimensions for Structured Experimental Evaluations,"Fabian Sperrle, Mennatallah El-Assady, Grace Guo, Duen Horng Chau, Alex Endert, Daniel Keim",http://arxiv.org/abs/2009.06433v1,,,2020-09-14T13:40:51,2026-09-10T19:42:32.753448
1.0,RESEARCH_PAPER,The Hardware Lottery,Sara Hooker,http://arxiv.org/abs/2009.06489v2,,,2020-09-14T14:49:10,2026-09-10T19:42:32.753507
1.0,RESEARCH_PAPER,Information-Theoretic Multi-Objective Bayesian Optimization with Continuous Approximations,"Syrine Belakaria, Aryan Deshwal, Janardhan Rao Doppa",http://arxiv.org/abs/2009.05700v3,,,2020-09-12T01:46:03,2026-09-10T19:42:32.753572
1.0,RESEARCH_PAPER,Tracking disease outbreaks from sparse data with Bayesian inference,"Bryan Wilder, Michael J. Mina, Milind Tambe",http://arxiv.org/abs/2009.05863v1,,,2020-09-12T20:37:33,2026-09-10T19:42:32.753628
1.0,RESEARCH_PAPER,Resolving Resource Incompatibilities in Intelligent Agents,"Mariela Morveli-Espinoza, Ayslan Possebom, Cesar Augusto Tacla",http://arxiv.org/abs/2009.05898v1,,,2020-09-13T02:09:04,2026-09-10T19:42:32.753683
1.0,RESEARCH_PAPER,Analogy-Making as a Core Primitive in the Software Engineering Toolbox,"Matthew Sotoudeh, Aditya V. Thakur",http://arxiv.org/abs/2009.06592v1,,,2020-09-14T17:24:15,2026-09-10T19:42:32.753740
1.0,RESEARCH_PAPER,Mediating Community-AI Interaction through Situated Explanation: The Case of AI-Led Moderation,"Yubo Kou, Xinning Gui",http://arxiv.org/abs/2008.08202v1,,,2020-08-19T00:13:12,2026-09-10T19:42:32.753794
1.0,RESEARCH_PAPER,Long-Term Effect Estimation with Surrogate Representation,"Lu Cheng, Ruocheng Guo, Huan Liu",http://arxiv.org/abs/2008.08236v2,,,2020-08-19T03:16:18,2026-09-10T19:42:32.753851
1.0,RESEARCH_PAPER,Spatiotemporal Action Recognition in Restaurant Videos,"Akshat Gupta, Milan Desai, Wusheng Liang, Magesh Kannan",http://arxiv.org/abs/2008.11149v1,,,2020-08-25T16:30:01,2026-09-10T19:42:32.753908
1.0,RESEARCH_PAPER,Intelligent Replication Management for HDFS Using Reinforcement Learning,Hyunsung Lee,http://arxiv.org/abs/2008.08665v1,,,2020-08-19T20:53:13,2026-09-10T19:42:32.753962
1.0,RESEARCH_PAPER,Expressing Diverse Human Driving Behavior with Probabilistic Rewards and Online Inference,"Liting Sun, Zheng Wu, Hengbo Ma, Masayoshi Tomizuka",http://arxiv.org/abs/2008.08812v2,,,2020-08-20T07:32:45,2026-09-10T19:42:32.754017
1.0,RESEARCH_PAPER,The design and implementation of Language Learning Chatbot with XAI using Ontology and Transfer Learning,"Nuobei Shi, Qin Zeng, Raymond Lee",http://arxiv.org/abs/2009.13984v1,,,2020-09-29T13:11:40,2026-09-10T19:42:32.754073
1.0,RESEARCH_PAPER,Explainable AI without Interpretable Model,Kary Främling,http://arxiv.org/abs/2009.13996v1,,,2020-09-29T13:29:44,2026-09-10T19:42:32.754129
1.0,RESEARCH_PAPER,"Automatic Segmentation, Localization, and Identification of Vertebrae in 3D CT Images Using Cascaded Convolutional Neural Networks","Naoto Masuzawa, Yoshiro Kitamura, Keigo Nakamura, Satoshi Iizuka, Edgar Simo-Serra",http://arxiv.org/abs/2009.13798v1,,,2020-09-29T06:11:37,2026-09-10T19:42:32.754182
1.0,RESEARCH_PAPER,Towards Effective Context for Meta-Reinforcement Learning: an Approach based on Contrastive Learning,"Haotian Fu, Hongyao Tang, Jianye Hao, Chen Chen, Xidong Feng, Dong Li, Wulong Liu",http://arxiv.org/abs/2009.13891v3,,,2020-09-29T09:29:18,2026-09-10T19:42:32.754236
1.0,RESEARCH_PAPER,Residual acoustic echo suppression based on efficient multi-task convolutional neural network,"Xinquan Zhou, Yanhong Leng",http://arxiv.org/abs/2009.13931v2,,,2020-09-29T11:26:25,2026-09-10T19:42:32.755777
1.0,RESEARCH_PAPER,Plug-and-Play Conversational Models,"Andrea Madotto, Etsuko Ishii, Zhaojiang Lin, Sumanth Dathathri, Pascale Fung",http://arxiv.org/abs/2010.04344v1,,,2020-10-09T03:17:51,2026-09-10T19:42:32.755938
1.0,RESEARCH_PAPER,"Model-free, Model-based, and General Intelligence",Hector Geffner,http://arxiv.org/abs/1806.02308v1,,,2018-06-06T17:15:27,2026-09-10T19:42:32.756019
1.0,RESEARCH_PAPER,Unsupervised Attention-guided Image to Image Translation,"Youssef A. Mejjati, Christian Richardt, James Tompkin, Darren Cosker, Kwang In Kim",http://arxiv.org/abs/1806.02311v3,,,2018-06-06T17:21:38,2026-09-10T19:42:32.756080
1.0,RESEARCH_PAPER,Fast and Scalable Bayesian Deep Learning by Weight-Perturbation in Adam,"Mohammad Emtiyaz Khan, Didrik Nielsen, Voot Tangkaratt, Wu Lin, Yarin Gal, Akash Srivastava",http://arxiv.org/abs/1806.04854v3,,,2018-06-13T05:45:22,2026-09-10T19:42:32.756137
1.0,RESEARCH_PAPER,Program Synthesis from Visual Specification,"Evan Hernandez, Ara Vartanian, Xiaojin Zhu",http://arxiv.org/abs/1806.00938v1,,,2018-06-04T03:24:34,2026-09-10T19:42:32.756192
1.0,RESEARCH_PAPER,Apuntes de Redes Neuronales Artificiales,J. C. Cuevas-Tello,http://arxiv.org/abs/1806.05298v1,,,2018-06-13T23:23:22,2026-09-10T19:42:32.756247
1.0,RESEARCH_PAPER,Talakat: Bullet Hell Generation through Constrained Map-Elites,"Ahmed Khalifa, Scott Lee, Andy Nealen, Julian Togelius",http://arxiv.org/abs/1806.04718v2,,,2018-06-12T19:02:19,2026-09-10T19:42:32.756303
1.0,RESEARCH_PAPER,Combining Model-Free Q-Ensembles and Model-Based Approaches for Informed Exploration,"Sreecharan Sankaranarayanan, Raghuram Mandyam Annasamy, Katia Sycara, Carolyn Penstein Rosé",http://arxiv.org/abs/1806.04552v1,,,2018-06-12T14:24:02,2026-09-10T19:42:32.756358
1.0,RESEARCH_PAPER,Variational Option Discovery Algorithms,"Joshua Achiam, Harrison Edwards, Dario Amodei, Pieter Abbeel",http://arxiv.org/abs/1807.10299v1,,,2018-07-26T18:05:45,2026-09-10T19:42:32.756411
1.0,RESEARCH_PAPER,Combining Restricted Boltzmann Machines with Neural Networks for Latent Truth Discovery,"Klaus Broelemann, Gjergji Kasneci",http://arxiv.org/abs/1807.10680v1,,,2018-07-27T15:19:31,2026-09-10T19:42:32.756465
1.0,RESEARCH_PAPER,Clause Vivification by Unit Propagation in CDCL SAT Solvers,"Chu-Min Li, Fan Xiao, Mao Luo, Felip Manyà, Zhipeng Lü, Yu Li",http://arxiv.org/abs/1807.11061v1,,,2018-07-29T14:05:55,2026-09-10T19:42:32.756519
1.0,RESEARCH_PAPER,ReenactGAN: Learning to Reenact Faces via Boundary Transfer,"Wayne Wu, Yunxuan Zhang, Cheng Li, Chen Qian, Chen Change Loy",http://arxiv.org/abs/1807.11079v1,,,2018-07-29T16:35:15,2026-09-10T19:42:32.756572
1.0,RESEARCH_PAPER,Character-Level Language Modeling with Deeper Self-Attention,"Rami Al-Rfou, Dokook Choe, Noah Constant, Mandy Guo, Llion Jones",http://arxiv.org/abs/1808.04444v2,,,2018-08-09T18:44:38,2026-09-10T19:42:32.756626
1.0,RESEARCH_PAPER,Weight Learning in a Probabilistic Extension of Answer Set Programs,"Joohyung Lee, Yi Wang",http://arxiv.org/abs/1808.04527v2,,,2018-08-14T05:16:41,2026-09-10T19:42:32.756679
1.0,RESEARCH_PAPER,Applying the Closed World Assumption to SUMO-based FOL Ontologies for Effective Commonsense Reasoning,"Javier Álvez, Itziar Gonzalez-Dios, German Rigau",http://arxiv.org/abs/1808.04620v2,,,2018-08-14T10:41:14,2026-09-10T19:42:32.756748
1.0,RESEARCH_PAPER,Exploring Shared Structures and Hierarchies for Multiple NLP Tasks,"Junkun Chen, Kaiyu Chen, Xinchi Chen, Xipeng Qiu, Xuanjing Huang",http://arxiv.org/abs/1808.07658v1,,,2018-08-23T08:07:44,2026-09-10T19:42:32.756804
1.0,RESEARCH_PAPER,Improving Information Extraction from Images with Learned Semantic Models,"Stephan Baier, Yunpu Ma, Volker Tresp",http://arxiv.org/abs/1808.08941v1,,,2018-08-27T17:39:56,2026-09-10T19:42:32.756856
1.0,RESEARCH_PAPER,Water Disaggregation via Shape Features based Bayesian Discriminative Sparse Coding,"Bingsheng Wang, Xuchao Zhang, Chang-Tien Lu, Feng Chen",http://arxiv.org/abs/1808.08951v1,,,2018-08-26T16:01:11,2026-09-10T19:42:32.756908
1.0,RESEARCH_PAPER,Behavior Trees as a Representation for Medical Procedures,"Blake Hannaford, Randall Bly, Ian Humphreys, Mark Whipple",http://arxiv.org/abs/1808.08954v1,,,2018-08-27T16:56:53,2026-09-10T19:42:32.756962
1.0,RESEARCH_PAPER,Augmenting Bottleneck Features of Deep Neural Network Employing Motor State for Speech Recognition at Humanoid Robots,"Moa Lee, Joon Hyuk Chang",http://arxiv.org/abs/1808.08702v1,,,2018-08-27T06:41:47,2026-09-10T19:42:32.757020
1.0,RESEARCH_PAPER,"A Minesweeper Solver Using Logic Inference, CSP and Sampling","Yimin Tang, Tian Jiang, Yanpeng Hu",http://arxiv.org/abs/1810.03151v1,,,2018-10-07T14:26:11,2026-09-10T19:42:32.757080
1.0,RESEARCH_PAPER,Task-Embedded Control Networks for Few-Shot Imitation Learning,"Stephen James, Michael Bloesch, Andrew J. Davison",http://arxiv.org/abs/1810.03237v1,,,2018-10-08T00:57:24,2026-09-10T19:42:32.757135
1.0,RESEARCH_PAPER,Robustness via Retrying: Closed-Loop Robotic Manipulation with Self-Supervised Learning,"Frederik Ebert, Sudeep Dasari, Alex X. Lee, Sergey Levine, Chelsea Finn",http://arxiv.org/abs/1810.03043v1,,,2018-10-06T19:51:46,2026-09-10T19:42:32.757204
1.0,RESEARCH_PAPER,CSI-Net: Unified Human Body Characterization and Pose Recognition,"Fei Wang, Jinsong Han, Shiyuan Zhang, Xu He, Dong Huang",http://arxiv.org/abs/1810.03064v2,,,2018-10-07T00:51:14,2026-09-10T19:42:32.757260
1.0,RESEARCH_PAPER,Where Did My Optimum Go?: An Empirical Analysis of Gradient Descent Optimization in Policy Gradient Methods,"Peter Henderson, Joshua Romoff, Joelle Pineau",http://arxiv.org/abs/1810.02525v1,,,2018-10-05T05:52:49,2026-09-10T19:42:32.757345
1.0,RESEARCH_PAPER,Hows and Whys of Artificial Intelligence for Public Sector Decisions: Explanation and Evaluation,"Alun Preece, Rob Ashelford, Harry Armstrong, Dave Braines",http://arxiv.org/abs/1810.02689v2,,,2018-09-28T09:38:13,2026-09-10T19:42:32.757398
1.0,RESEARCH_PAPER,Human Indignity: From Legal AI Personhood to Selfish Memes,Roman V. Yampolskiy,http://arxiv.org/abs/1810.02724v1,,,2018-10-02T20:01:43,2026-09-10T19:42:32.757452
1.0,RESEARCH_PAPER,Episodic Curiosity through Reachability,"Nikolay Savinov, Anton Raichuk, Raphaël Marinier, Damien Vincent, Marc Pollefeys, Timothy Lillicrap, Sylvain Gelly",http://arxiv.org/abs/1810.02274v5,,,2018-10-04T15:24:06,2026-09-10T19:42:32.757507
1.0,RESEARCH_PAPER,Unsupervised Learning via Meta-Learning,"Kyle Hsu, Sergey Levine, Chelsea Finn",http://arxiv.org/abs/1810.02334v6,,,2018-10-04T17:29:17,2026-09-10T19:42:32.757561
1.0,RESEARCH_PAPER,Learning to Share and Hide Intentions using Information Regularization,"DJ Strouse, Max Kleiman-Weiner, Josh Tenenbaum, Matt Botvinick, David Schwab",http://arxiv.org/abs/1808.02093v2,,,2018-08-06T20:10:27,2026-09-10T19:42:32.757617
1.0,RESEARCH_PAPER,Structure Learning for Relational Logistic Regression: An Ensemble Approach,"Nandini Ramanan, Gautam Kunapuli, Tushar Khot, Bahare Fatemi, Seyed Mehran Kazemi, David Poole, Kristian Kersting, Sriraam Natarajan",http://arxiv.org/abs/1808.02123v1,,,2018-08-06T21:27:05,2026-09-10T19:42:32.757674
1.0,RESEARCH_PAPER,Decision-Making with Belief Functions: a Review,Thierry Denoeux,http://arxiv.org/abs/1808.05322v2,,,2018-08-16T01:52:46,2026-09-10T19:42:32.757732
1.0,RESEARCH_PAPER,On the Decision Boundary of Deep Neural Networks,"Yu Li, Lizhong Ding, Xin Gao",http://arxiv.org/abs/1808.05385v3,,,2018-08-16T09:25:50,2026-09-10T19:42:32.757783
1.0,RESEARCH_PAPER,Improved Language Modeling by Decoding the Past,Siddhartha Brahma,http://arxiv.org/abs/1808.05908v4,,,2018-08-14T18:44:58,2026-09-10T19:42:32.757836
1.0,RESEARCH_PAPER,CBinfer: Exploiting Frame-to-Frame Locality for Faster Convolutional Network Inference on Video Streams,"Lukas Cavigelli, Luca Benini",http://arxiv.org/abs/1808.05488v2,,,2018-08-15T15:27:29,2026-09-10T19:42:32.757888
1.0,RESEARCH_PAPER,Spline-Based Probability Calibration,Brian Lucena,http://arxiv.org/abs/1809.07751v1,,,2018-09-20T17:36:24,2026-09-10T19:42:32.757942
1.0,RESEARCH_PAPER,onlineSPARC: a Programming Environment for Answer Set Programming,"Elias Marcopoulos, Yuanlin Zhang",http://arxiv.org/abs/1809.08304v1,,,2018-09-21T20:38:17,2026-09-10T19:42:32.757995
1.0,RESEARCH_PAPER,Robotics Rights and Ethics Rules,"Tuncay Yigit, Utku Kose, Nilgun Sengoz",http://arxiv.org/abs/1809.08885v1,,,2018-09-24T13:02:09,2026-09-10T19:42:32.758048
1.0,RESEARCH_PAPER,Target Transfer Q-Learning and Its Convergence Analysis,"Yue Wang, Qi Meng, Wei Cheng, Yuting Liug, Zhi-Ming Ma, Tie-Yan Liu",http://arxiv.org/abs/1809.08923v1,,,2018-09-21T05:31:26,2026-09-10T19:42:32.758104
1.0,RESEARCH_PAPER,Lexical Bias In Essay Level Prediction,Georgios Balikas,http://arxiv.org/abs/1809.08935v1,,,2018-09-21T12:04:44,2026-09-10T19:42:32.758160
1.0,RESEARCH_PAPER,Uncertainty Aware AI ML: Why and How,"Lance Kaplan, Federico Cerutti, Murat Sensoy, Alun Preece, Paul Sullivan",http://arxiv.org/abs/1809.07882v1,,,2018-09-20T22:15:06,2026-09-10T19:42:32.758221
1.0,RESEARCH_PAPER,"Answering the ""why"" in Answer Set Programming - A Survey of Explanation Approaches","Jorge Fandinno, Claudia Schulz",http://arxiv.org/abs/1809.08034v1,,,2018-09-21T10:52:08,2026-09-10T19:42:32.758274
1.0,RESEARCH_PAPER,Human activity recognition based on time series analysis using U-Net,"Yong Zhang, Yu Zhang, Zhao Zhang, Jie Bao, Yunpeng Song",http://arxiv.org/abs/1809.08113v1,,,2018-09-20T07:16:33,2026-09-10T19:42:32.758326
1.0,RESEARCH_PAPER,Domain Adaptation for Robot Predictive Maintenance Systems,"Arash Golibagh Mahyari, Thomas Locker",http://arxiv.org/abs/1809.08626v3,,,2018-09-23T16:29:29,2026-09-10T19:42:32.758378
1.0,RESEARCH_PAPER,A Survey of Conventional and Artificial Intelligence / Learning based Resource Allocation and Interference Mitigation Schemes in D2D Enabled Networks,"Kamran Zia, Nauman Javed, Muhammad Nadeem Sial, Sohail Ahmed, Hifsa Iram, Asad Amir Pirzada",http://arxiv.org/abs/1809.08748v1,,,2018-09-24T04:15:37,2026-09-10T19:42:32.758430
1.0,RESEARCH_PAPER,Interactions as Social Practices: towards a formalization,Frank Dignum,http://arxiv.org/abs/1809.08751v1,,,2018-09-24T04:32:17,2026-09-10T19:42:32.758493
1.0,RESEARCH_PAPER,WiRe57 : A Fine-Grained Benchmark for Open Information Extraction,"William Léchelle, Fabrizio Gotti, Philippe Langlais",http://arxiv.org/abs/1809.08962v2,,,2018-09-24T14:19:59,2026-09-10T19:42:32.758548
1.0,RESEARCH_PAPER,Deep Confidence: A Computationally Efficient Framework for Calculating Reliable Errors for Deep Neural Networks,"Isidro Cortes-Ciriano, Andreas Bender",http://arxiv.org/abs/1809.09060v1,,,2018-09-24T17:08:08,2026-09-10T19:42:32.758597
1.0,RESEARCH_PAPER,Multi-robot Dubins Coverage with Autonomous Surface Vehicles,"Nare Karapetyan, Jason Moulton, Jeremy S. Lewis, Alberto Quattrini Li, Jason M. O'Kane, Ioannis Rekleitis",http://arxiv.org/abs/1808.02552v1,,,2018-08-07T20:52:54,2026-09-10T19:42:32.758649
1.0,RESEARCH_PAPER,Self-Adaptive Systems in Organic Computing: Strategies for Self-Improvement,Andreas Niederquell,http://arxiv.org/abs/1808.03519v1,,,2018-08-08T13:56:29,2026-09-10T19:42:32.758699
1.0,RESEARCH_PAPER,Memristive LSTM network hardware architecture for time-series predictive modeling problem,"Kazybek Adam, Kamilya Smagulova, Alex Pappachen James",http://arxiv.org/abs/1809.03119v1,,,2018-09-10T03:35:33,2026-09-10T19:42:32.758761
1.0,RESEARCH_PAPER,LensKit for Python: Next-Generation Software for Recommender System Experiments,Michael D. Ekstrand,http://arxiv.org/abs/1809.03125v4,,,2018-09-10T04:15:05,2026-09-10T19:42:32.758813
1.0,RESEARCH_PAPER,Deep Learning Towards Mobile Applications,"Ji Wang, Bokai Cao, Philip S. Yu, Lichao Sun, Weidong Bao, Xiaomin Zhu",http://arxiv.org/abs/1809.03559v1,,,2018-09-10T19:28:57,2026-09-10T19:42:32.758867
1.0,RESEARCH_PAPER,Response Characterization for Auditing Cell Dynamics in Long Short-term Memory Networks,"Ramin M. Hasani, Alexander Amini, Mathias Lechner, Felix Naser, Radu Grosu, Daniela Rus",http://arxiv.org/abs/1809.03864v1,,,2018-09-11T13:27:36,2026-09-10T19:42:32.758933
1.0,RESEARCH_PAPER,Endowing Robots with Longer-term Autonomy by Recovering from External Disturbances in Manipulation through Grounded Anomaly Classification and Recovery Policies,"Hongmin Wu, Shuangqi Luo, Longxin Chen, Shuangda Duan, Sakmongkon Chumkamon, Dong Liu, Yisheng Guan, Juan Rojas",http://arxiv.org/abs/1809.03979v1,,,2018-09-11T15:37:25,2026-09-10T19:42:32.758992
1.0,RESEARCH_PAPER,Probabilistic Prediction of Interactive Driving Behavior via Hierarchical Inverse Reinforcement Learning,"Liting Sun, Wei Zhan, Masayoshi Tomizuka",http://arxiv.org/abs/1809.02926v1,,,2018-09-09T05:44:16,2026-09-10T19:42:32.759044
1.0,RESEARCH_PAPER,Attentional Multi-Reading Sarcasm Detection,"Reza Ghaeini, Xiaoli Z. Fern, Prasad Tadepalli",http://arxiv.org/abs/1809.03051v1,,,2018-09-09T22:33:20,2026-09-10T19:42:32.759096
1.0,RESEARCH_PAPER,Sample Complexity of Nonparametric Semi-Supervised Learning,"Chen Dan, Liu Leqi, Bryon Aragam, Pradeep Ravikumar, Eric P. Xing",http://arxiv.org/abs/1809.03073v1,,,2018-09-10T01:12:26,2026-09-10T19:42:32.759149
1.0,RESEARCH_PAPER,Not Just Privacy: Improving Performance of Private Deep Learning in Mobile Cloud,"Ji Wang, Jianguo Zhang, Weidong Bao, Xiaomin Zhu, Bokai Cao, Philip S. Yu",http://arxiv.org/abs/1809.03428v3,,,2018-09-10T16:09:58,2026-09-10T19:42:32.759202
1.0,RESEARCH_PAPER,Explicit Utilization of General Knowledge in Machine Reading Comprehension,"Chao Wang, Hui Jiang",http://arxiv.org/abs/1809.03449v3,,,2018-09-10T16:42:22,2026-09-10T19:42:32.759256
1.0,RESEARCH_PAPER,"Neural Generation of Diverse Questions using Answer Focus, Contextual and Linguistic Features","Vrindavan Harrison, Marilyn Walker",http://arxiv.org/abs/1809.02637v2,,,2018-09-07T18:47:20,2026-09-10T19:42:32.761437
1.0,RESEARCH_PAPER,Active Object Perceiver: Recognition-guided Policy Learning for Object Searching on Mobile Robots,"Xin Ye, Zhe Lin, Haoxiang Li, Shibin Zheng, Yezhou Yang",http://arxiv.org/abs/1807.11174v1,,,2018-07-30T05:09:27,2026-09-10T19:42:32.761578
1.0,RESEARCH_PAPER,Interpreting Recurrent and Attention-Based Neural Models: a Case Study on Natural Language Inference,"Reza Ghaeini, Xiaoli Z. Fern, Prasad Tadepalli",http://arxiv.org/abs/1808.03894v1,,,2018-08-12T05:42:26,2026-09-10T19:42:32.761662
1.0,RESEARCH_PAPER,Question-Guided Hybrid Convolution for Visual Question Answering,"Peng Gao, Pan Lu, Hongsheng Li, Shuang Li, Yikang Li, Steven Hoi, Xiaogang Wang",http://arxiv.org/abs/1808.02632v1,,,2018-08-08T05:39:00,2026-09-10T19:42:32.761730
1.0,RESEARCH_PAPER,Automatic Derivation Of Formulas Using Reforcement Learning,"MinZhong Luo, Li Liu",http://arxiv.org/abs/1808.04946v1,,,2018-08-15T02:08:23,2026-09-10T19:42:32.761789
1.0,RESEARCH_PAPER,Predicate learning in neural systems: Discovering latent generative structures,"Andrea E. Martin, Leonidas A. A. Doumas",http://arxiv.org/abs/1810.01127v1,,,2018-10-02T09:15:00,2026-09-10T19:42:32.761846
1.0,RESEARCH_PAPER,Time Reversal as Self-Supervision,"Suraj Nair, Mohammad Babaeizadeh, Chelsea Finn, Sergey Levine, Vikash Kumar",http://arxiv.org/abs/1810.01128v2,,,2018-10-02T09:15:58,2026-09-10T19:42:32.761900
1.0,RESEARCH_PAPER,"McTorch, a manifold optimization library for deep learning","Mayank Meghwanshi, Pratik Jawanpuria, Anoop Kunchukuttan, Hiroyuki Kasai, Bamdev Mishra",http://arxiv.org/abs/1810.01811v2,,,2018-10-03T16:02:20,2026-09-10T19:42:32.761953
1.0,RESEARCH_PAPER,Human-Centered Autonomous Vehicle Systems: Principles of Effective Shared Autonomy,Lex Fridman,http://arxiv.org/abs/1810.01835v1,,,2018-10-03T16:36:22,2026-09-10T19:42:32.762043
1.0,RESEARCH_PAPER,Near-Optimal Representation Learning for Hierarchical Reinforcement Learning,"Ofir Nachum, Shixiang Gu, Honglak Lee, Sergey Levine",http://arxiv.org/abs/1810.01257v2,,,2018-10-02T14:00:14,2026-09-10T19:42:32.762097
1.0,RESEARCH_PAPER,Directed-Info GAIL: Learning Hierarchical Policies from Unsegmented Demonstrations using Directed Information,"Arjun Sharma, Mohit Sharma, Nicholas Rhinehart, Kris M. Kitani",http://arxiv.org/abs/1810.01266v2,,,2018-09-29T18:40:13,2026-09-10T19:42:32.762149
1.0,RESEARCH_PAPER,Hierarchical Neural Network for Extracting Knowledgeable Snippets and Documents,"Ganbin Zhou, Rongyu Cao, Xiang Ao, Ping Luo, Fen Lin, Leyu Lin, Qing He",http://arxiv.org/abs/1808.07228v1,,,2018-08-22T05:57:13,2026-09-10T19:42:32.762202
1.0,RESEARCH_PAPER,DFTerNet: Towards 2-bit Dynamic Fusion Networks for Accurate Human Activity Recognition,"Zhan Yang, Osolo Ian Raymond, ChengYuan Zhang, Ying Wan, Jun Long",http://arxiv.org/abs/1808.04228v2,,,2018-07-31T02:33:34,2026-09-10T19:42:32.762255
1.0,RESEARCH_PAPER,Deep Multimodal Image-Repurposing Detection,"Ekraam Sabir, Wael AbdAlmageed, Yue Wu, Prem Natarajan",http://arxiv.org/abs/1808.06686v1,,,2018-08-20T20:47:56,2026-09-10T19:42:32.762309
1.0,RESEARCH_PAPER,Catastrophic Importance of Catastrophic Forgetting,Albert Ierusalem,http://arxiv.org/abs/1808.07049v1,,,2018-08-20T21:49:13,2026-09-10T19:42:32.762363
1.0,RESEARCH_PAPER,State-of-the-art Chinese Word Segmentation with Bi-LSTMs,"Ji Ma, Kuzman Ganchev, David Weiss",http://arxiv.org/abs/1808.06511v2,,,2018-08-20T15:19:38,2026-09-10T19:42:32.762416
1.0,RESEARCH_PAPER,Approximating Poker Probabilities with Deep Learning,Brandon Da Silva,http://arxiv.org/abs/1808.07220v2,,,2018-08-22T05:14:41,2026-09-10T19:42:32.762468
1.0,RESEARCH_PAPER,Short-term load forecasting using optimized LSTM networks based on EMD,"Tiantian Li, Bo Wang, Min Zhou, Junzo Watada",http://arxiv.org/abs/1809.10108v1,,,2018-08-16T08:26:25,2026-09-10T19:42:32.762520
1.0,RESEARCH_PAPER,Learning Navigation Behaviors End-to-End with AutoRL,"Hao-Tien Lewis Chiang, Aleksandra Faust, Marek Fiser, Anthony Francis",http://arxiv.org/abs/1809.10124v2,,,2018-09-26T17:09:56,2026-09-10T19:42:32.762571
1.0,RESEARCH_PAPER,Scaling simulation-to-real transfer by learning composable robot skills,"Ryan Julian, Eric Heiden, Zhanpeng He, Hejia Zhang, Stefan Schaal, Joseph J. Lim, Gaurav Sukhatme, Karol Hausman",http://arxiv.org/abs/1809.10253v3,,,2018-09-26T22:21:02,2026-09-10T19:42:32.762624
1.0,RESEARCH_PAPER,Underwater Caging and Capture for Autonomous Underwater Vehicles,"Özer Özkahraman, Petter Ögren",http://arxiv.org/abs/1809.09876v3,,,2018-09-26T09:51:20,2026-09-10T19:42:32.762675
1.0,RESEARCH_PAPER,A Survey of Learning Causality with Data: Problems and Methods,"Ruocheng Guo, Lu Cheng, Jundong Li, P. Richard Hahn, Huan Liu",http://arxiv.org/abs/1809.09337v4,,,2018-09-25T06:33:18,2026-09-10T19:42:32.762728
1.0,RESEARCH_PAPER,Co-Creative Level Design via Machine Learning,"Matthew Guzdial, Nicholas Liao, Mark Riedl",http://arxiv.org/abs/1809.09420v1,,,2018-09-25T11:56:52,2026-09-10T19:42:32.762782
1.0,RESEARCH_PAPER,Let CONAN tell you a story: Procedural quest generation,"Vincent Breault, Sebastien Ouellet, Jim Davies",http://arxiv.org/abs/1808.06217v1,,,2018-08-19T14:39:46,2026-09-10T19:42:32.762835
1.0,RESEARCH_PAPER,XL-NBT: A Cross-lingual Neural Belief Tracking Framework,"Wenhu Chen, Jianshu Chen, Yu Su, Xin Wang, Dong Yu, Xifeng Yan, William Yang Wang",http://arxiv.org/abs/1808.06244v2,,,2018-08-19T19:08:10,2026-09-10T19:42:32.762887
1.0,RESEARCH_PAPER,"DeFactoNLP: Fact Verification using Entity Recognition, TFIDF Vector Comparison and Decomposable Attention","Aniketh Janardhan Reddy, Gil Rocha, Diego Esteves",http://arxiv.org/abs/1809.00509v1,,,2018-09-03T09:07:17,2026-09-10T19:42:32.762937
1.0,RESEARCH_PAPER,Automatic Event Salience Identification,"Zhengzhong Liu, Chenyan Xiong, Teruko Mitamura, Eduard Hovy",http://arxiv.org/abs/1809.00647v1,,,2018-09-03T16:35:07,2026-09-10T19:42:32.762987
1.0,RESEARCH_PAPER,Chinese Poetry Generation with a Working Memory Model,"Xiaoyuan Yi, Maosong Sun, Ruoyu Li, Zonghan Yang",http://arxiv.org/abs/1809.04306v1,,,2018-09-12T08:31:20,2026-09-10T19:42:32.763039
1.0,RESEARCH_PAPER,Compact Optimization Algorithms with Re-sampled Inheritance,"Giovanni Iacca, Fabio Caraffini",http://arxiv.org/abs/1809.04343v3,,,2018-09-12T10:11:20,2026-09-10T19:42:32.763089
1.0,RESEARCH_PAPER,Training Deep Neural Networks with Different Datasets In-the-wild: The Emotion Recognition Paradigm,"Dimitrios Kollias, Stefanos Zafeiriou",http://arxiv.org/abs/1809.04359v1,,,2018-09-12T11:16:31,2026-09-10T19:42:32.763139
1.0,RESEARCH_PAPER,Combined Reinforcement Learning via Abstract Representations,"Vincent François-Lavet, Yoshua Bengio, Doina Precup, Joelle Pineau",http://arxiv.org/abs/1809.04506v2,,,2018-09-12T15:12:49,2026-09-10T19:42:32.763189
1.0,RESEARCH_PAPER,Coordinated Heterogeneous Distributed Perception based on Latent Space Representation,"Timo Korthals, Jürgen Leitner, Ulrich Rückert",http://arxiv.org/abs/1809.04558v1,,,2018-09-12T16:50:39,2026-09-10T19:42:32.763239
1.0,RESEARCH_PAPER,Zero-Shot Cross-lingual Classification Using Multilingual Neural Machine Translation,"Akiko Eriguchi, Melvin Johnson, Orhan Firat, Hideto Kazawa, Wolfgang Macherey",http://arxiv.org/abs/1809.04686v1,,,2018-09-12T21:34:03,2026-09-10T19:42:32.763290
1.0,RESEARCH_PAPER,Sampled Policy Gradient for Learning to Play the Game Agar.io,"Anton Orell Wiehe, Nil Stolt Ansó, Madalina M. Drugan, Marco A. Wiering",http://arxiv.org/abs/1809.05763v1,,,2018-09-15T20:01:06,2026-09-10T19:42:32.763341
1.0,RESEARCH_PAPER,Semantic Interoperability Middleware Architecture for Heterogeneous Environmental Data Sources,"A. K. Akanbi, M. Masinde",http://arxiv.org/abs/1809.05890v1,,,2018-09-16T14:48:45,2026-09-10T19:42:32.763391
1.0,RESEARCH_PAPER,On Plans With Loops and Noise,Vaishak Belle,http://arxiv.org/abs/1809.05309v1,,,2018-09-14T08:58:49,2026-09-10T19:42:32.763441
1.0,RESEARCH_PAPER,Reasoning about Discrete and Continuous Noisy Sensors and Effectors in Dynamical Systems,"Vaishak Belle, Hector J. Levesque",http://arxiv.org/abs/1809.05314v1,,,2018-09-14T09:09:04,2026-09-10T19:42:32.763492
1.0,RESEARCH_PAPER,Focus Group on Artificial Intelligence for Health,"Marcel Salathé, Thomas Wiegand, Markus Wenzel",http://arxiv.org/abs/1809.04797v1,,,2018-09-13T06:46:34,2026-09-10T19:42:32.763544
1.0,RESEARCH_PAPER,Learning to Fingerprint the Latent Structure in Question Articulation,"Kumar Mrityunjay, Guntur Ravindra",http://arxiv.org/abs/1809.05275v1,,,2018-09-14T06:51:01,2026-09-10T19:42:32.763596
1.0,RESEARCH_PAPER,Deep Compressive Autoencoder for Action Potential Compression in Large-Scale Neural Recording,"Tong Wu, Wenfeng Zhao, Edward Keefer, Zhi Yang",http://arxiv.org/abs/1809.05522v2,,,2018-09-14T17:48:23,2026-09-10T19:42:32.763647
1.0,RESEARCH_PAPER,Techniques for Interpretable Machine Learning,"Mengnan Du, Ninghao Liu, Xia Hu",http://arxiv.org/abs/1808.00033v3,,,2018-07-31T19:14:39,2026-09-10T19:42:32.763698
1.0,RESEARCH_PAPER,Defense Against Adversarial Attacks with Saak Transform,"Sibo Song, Yueru Chen, Ngai-Man Cheung, C. -C. Jay Kuo",http://arxiv.org/abs/1808.01785v1,,,2018-08-06T09:01:41,2026-09-10T19:42:32.763749
1.0,RESEARCH_PAPER,An Efficient Deep Reinforcement Learning Model for Urban Traffic Control,"Yilun Lin, Xingyuan Dai, Li Li, Fei-Yue Wang",http://arxiv.org/abs/1808.01876v2,,,2018-08-06T13:16:52,2026-09-10T19:42:32.763801
1.0,RESEARCH_PAPER,LISA: Explaining Recurrent Neural Network Judgments via Layer-wIse Semantic Accumulation and Example to Pattern Transformation,"Pankaj Gupta, Hinrich Schütze",http://arxiv.org/abs/1808.01591v1,,,2018-08-05T09:50:47,2026-09-10T19:42:32.763852
1.0,RESEARCH_PAPER,Double Supervised Network with Attention Mechanism for Scene Text Recognition,"Yuting Gao, Zheng Huang, Yuchen Dai, Cheng Xu, Kai Chen, Jie Tuo",http://arxiv.org/abs/1808.00677v3,,,2018-08-02T06:01:52,2026-09-10T19:42:32.763905
1.0,RESEARCH_PAPER,Adversarial Imitation via Variational Inverse Reinforcement Learning,"Ahmed H. Qureshi, Byron Boots, Michael C. Yip",http://arxiv.org/abs/1809.06404v3,,,2018-09-17T18:47:47,2026-09-10T19:42:32.763955
1.0,RESEARCH_PAPER,Extending Modular Semantics for Bipolar Weighted Argumentation (Technical Report),Nico Potyka,http://arxiv.org/abs/1809.07133v2,,,2018-09-19T11:54:46,2026-09-10T19:42:32.764629
1.0,RESEARCH_PAPER,TStarBots: Defeating the Cheating Level Builtin AI in StarCraft II in the Full Game,"Peng Sun, Xinghai Sun, Lei Han, Jiechao Xiong, Qing Wang, Bo Li, Yang Zheng, Ji Liu, Yongsheng Liu, Han Liu, Tong Zhang",http://arxiv.org/abs/1809.07193v3,,,2018-09-19T13:45:47,2026-09-10T19:42:32.764775
1.0,RESEARCH_PAPER,Lazy Modeling of Variants of Token Swapping Problem and Multi-agent Path Finding through Combination of Satisfiability Modulo Theories and Conflict-based Search,Pavel Surynek,http://arxiv.org/abs/1809.05959v1,,,2018-09-16T21:19:35,2026-09-10T19:42:32.764857
1.0,RESEARCH_PAPER,In-Session Personalization for Talent Search,"Sahin Cem Geyik, Vijay Dialani, Meng Meng, Ryan Smith",http://arxiv.org/abs/1809.06488v1,,,2018-09-18T00:24:23,2026-09-10T19:42:32.764921
1.0,RESEARCH_PAPER,SCC-rFMQ Learning in Cooperative Markov Games with Continuous Actions,"Chengwei Zhang, Xiaohong Li, Jianye Hao, Siqi Chen, Karl Tuyls, Zhiyong Feng, Wanli Xue, Rong Chen",http://arxiv.org/abs/1809.06625v1,,,2018-09-18T10:19:35,2026-09-10T19:42:32.764981
1.0,RESEARCH_PAPER,Lung Cancer Concept Annotation from Spanish Clinical Narratives,"Marjan Najafabadipour, Juan Manuel Tuñas, Alejandro Rodríguez-González, Ernestina Menasalvas",http://arxiv.org/abs/1809.06639v1,,,2018-09-18T10:55:03,2026-09-10T19:42:32.765039
1.0,RESEARCH_PAPER,On the Learning Dynamics of Deep Neural Networks,"Remi Tachet, Mohammad Pezeshki, Samira Shabanian, Aaron Courville, Yoshua Bengio",http://arxiv.org/abs/1809.06848v3,,,2018-09-18T17:58:49,2026-09-10T19:42:32.765095
1.0,RESEARCH_PAPER,Data-Driven Clustering via Parameterized Lloyd's Families,"Maria-Florina Balcan, Travis Dick, Colin White",http://arxiv.org/abs/1809.06987v3,,,2018-09-19T02:36:25,2026-09-10T19:42:32.765148
1.0,RESEARCH_PAPER,Rational Neural Networks for Approximating Jump Discontinuities of Graph Convolution Operator,"Zhiqian Chen, Feng Chen, Rongjie Lai, Xuchao Zhang, Chang-Tien Lu",http://arxiv.org/abs/1808.10073v1,,,2018-08-30T00:33:28,2026-09-10T19:42:32.765202
1.0,RESEARCH_PAPER,Multi-Hop Knowledge Graph Reasoning with Reward Shaping,"Xi Victoria Lin, Richard Socher, Caiming Xiong",http://arxiv.org/abs/1808.10568v2,,,2018-08-31T01:55:09,2026-09-10T19:42:32.765254
1.0,RESEARCH_PAPER,What Makes Reading Comprehension Questions Easier?,"Saku Sugawara, Kentaro Inui, Satoshi Sekine, Akiko Aizawa",http://arxiv.org/abs/1808.09384v1,,,2018-08-28T16:17:43,2026-09-10T19:42:32.765319
1.0,RESEARCH_PAPER,A Particle Filter based Multi-Objective Optimization Algorithm: PFOPS,"Bin Liu, Yaochu Jin",http://arxiv.org/abs/1808.09446v4,,,2018-08-28T08:30:12,2026-09-10T19:42:32.765373
1.0,RESEARCH_PAPER,Investigating Human + Machine Complementarity for Recidivism Predictions,"Sarah Tan, Julius Adebayo, Kori Inkpen, Ece Kamar",http://arxiv.org/abs/1808.09123v2,,,2018-08-28T05:28:35,2026-09-10T19:42:32.765425
1.0,RESEARCH_PAPER,A novel active learning framework for classification: using weighted rank aggregation to achieve multiple query criteria,"Yu Zhao, Zhenhui Shi, Jingyang Zhang, Dong Chen, Lixu Gu",http://arxiv.org/abs/1809.10565v1,,,2018-09-27T15:12:54,2026-09-10T19:42:32.765475
1.0,RESEARCH_PAPER,Generative replay with feedback connections as a general strategy for continual learning,"Gido M. van de Ven, Andreas S. Tolias",http://arxiv.org/abs/1809.10635v2,,,2018-09-27T16:55:58,2026-09-10T19:42:32.765525
1.0,RESEARCH_PAPER,An Application of ASP Theories of Intentions to Understanding Restaurant Scenarios: Insights and Narrative Corpus,"Qinglin Zhang, Chris Benton, Daniela Inclezan",http://arxiv.org/abs/1810.00445v1,,,2018-09-30T18:39:23,2026-09-10T19:42:32.765575
1.0,RESEARCH_PAPER,Interactive Agent Modeling by Learning to Probe,"Tianmin Shu, Caiming Xiong, Ying Nian Wu, Song-Chun Zhu",http://arxiv.org/abs/1810.00510v1,,,2018-10-01T02:55:07,2026-09-10T19:42:32.765633
1.0,RESEARCH_PAPER,A Simple Machine Learning Method for Commonsense Reasoning? A Short Commentary on Trinh & Le (2018),Walid S. Saba,http://arxiv.org/abs/1810.00521v1,,,2018-10-01T03:58:00,2026-09-10T19:42:32.765685
1.0,RESEARCH_PAPER,Stakeholders in Explainable AI,"Alun Preece, Dan Harborne, Dave Braines, Richard Tomsett, Supriyo Chakraborty",http://arxiv.org/abs/1810.00184v1,,,2018-09-29T10:15:18,2026-09-10T19:42:32.765736
1.0,RESEARCH_PAPER,Relational Forward Models for Multi-Agent Learning,"Andrea Tacchetti, H. Francis Song, Pedro A. M. Mediano, Vinicius Zambaldi, Neil C. Rabinowitz, Thore Graepel, Matthew Botvinick, Peter W. Battaglia",http://arxiv.org/abs/1809.11044v1,,,2018-09-28T14:10:39,2026-09-10T19:42:32.765794
1.0,RESEARCH_PAPER,On the Winograd Schema: Situating Language Understanding in the Data-Information-Knowledge Continuum,Walid S. Saba,http://arxiv.org/abs/1810.00324v3,,,2018-09-30T06:25:31,2026-09-10T19:42:32.765846
1.0,RESEARCH_PAPER,UKP-Athene: Multi-Sentence Textual Entailment for Claim Verification,"Andreas Hanselowski, Hao Zhang, Zile Li, Daniil Sorokin, Benjamin Schiller, Claudia Schulz, Iryna Gurevych",http://arxiv.org/abs/1809.01479v5,,,2018-09-03T14:06:11,2026-09-10T19:42:32.765898
1.0,RESEARCH_PAPER,Chinese Discourse Segmentation Using Bilingual Discourse Commonality,"Jingfeng Yang, Sujian Li",http://arxiv.org/abs/1809.01497v1,,,2018-08-30T00:57:09,2026-09-10T19:42:32.765948
1.0,RESEARCH_PAPER,GAN Lab: Understanding Complex Deep Generative Models using Interactive Visual Experimentation,"Minsuk Kahng, Nikhil Thorat, Duen Horng Chau, Fernanda Viégas, Martin Wattenberg",http://arxiv.org/abs/1809.01587v1,,,2018-09-05T15:51:50,2026-09-10T19:42:34.164516
1.0,RESEARCH_PAPER,Vulcan: A Monte Carlo Algorithm for Large Chance Constrained MDPs with Risk Bounding Functions,"Benjamin J Ayton, Brian C Williams",http://arxiv.org/abs/1809.01220v1,,,2018-09-04T19:42:22,2026-09-10T19:42:34.164638
1.0,RESEARCH_PAPER,Exploiting local and global performance of candidate systems for aggregation of summarization techniques,"Parth Mehta, Prasenjit Majumder",http://arxiv.org/abs/1809.02343v1,,,2018-09-07T08:18:01,2026-09-10T19:42:34.164961
1.0,RESEARCH_PAPER,On2Vec: Embedding-based Relation Prediction for Ontology Population,"Muhao Chen, Yingtao Tian, Xuelu Chen, Zijun Xue, Carlo Zaniolo",http://arxiv.org/abs/1809.02382v1,,,2018-09-07T10:00:53,2026-09-10T19:42:34.165114
1.0,RESEARCH_PAPER,Deep Feature Learning of Multi-Network Topology for Node Classification,"Hansheng Xue, Jiajie Peng, Xuequn Shang",http://arxiv.org/abs/1809.02394v1,,,2018-09-07T10:36:22,2026-09-10T19:42:34.165188
1.0,RESEARCH_PAPER,Dual Ask-Answer Network for Machine Reading Comprehension,"Han Xiao, Feng Wang, Jianfeng Yan, Jingyao Zheng",http://arxiv.org/abs/1809.01997v2,,,2018-09-06T13:57:03,2026-09-10T19:42:34.165251
1.0,RESEARCH_PAPER,A Deeper Insight into the UnDEMoN: Unsupervised Deep Network for Depth and Ego-Motion Estimation,"Madhu Babu, Anima Majumder, Kaushik Das, Swagat Kumar",http://arxiv.org/abs/1809.00969v3,,,2018-08-27T11:40:58,2026-09-10T19:42:34.165308
1.0,RESEARCH_PAPER,Adversarial Over-Sensitivity and Over-Stability Strategies for Dialogue Models,"Tong Niu, Mohit Bansal",http://arxiv.org/abs/1809.02079v1,,,2018-09-06T16:27:32,2026-09-10T19:42:34.165362
1.0,RESEARCH_PAPER,GANs beyond divergence minimization,Alexia Jolicoeur-Martineau,http://arxiv.org/abs/1809.02145v1,,,2018-09-06T18:00:26,2026-09-10T19:42:34.165415
1.0,RESEARCH_PAPER,On The Differential Privacy of Thompson Sampling With Gaussian Prior,"Aristide C. Y. Tossou, Christos Dimitrakakis",http://arxiv.org/abs/1806.09192v1,,,2018-06-24T18:37:09,2026-09-10T19:42:34.165467
1.0,RESEARCH_PAPER,Diversified Late Acceptance Search,"Majid Namazi, Conrad Sanderson, M. A. Hakim Newton, M. M. A. Polash, Abdul Sattar",http://arxiv.org/abs/1806.09328v3,,,2018-06-25T08:47:08,2026-09-10T19:42:34.165519
1.0,RESEARCH_PAPER,A Transferable Pedestrian Motion Prediction Model for Intersections with Different Geometries,"Nikita Jaipuria, Golnaz Habibi, Jonathan P. How",http://arxiv.org/abs/1806.09444v1,,,2018-06-25T13:19:45,2026-09-10T19:42:34.165569
1.0,RESEARCH_PAPER,Finding Optimal Solutions to Token Swapping by Conflict-based Search and Reduction to SAT,Pavel Surynek,http://arxiv.org/abs/1806.09487v1,,,2018-06-25T14:28:09,2026-09-10T19:42:34.165618
1.0,RESEARCH_PAPER,Predictive Maintenance for Industrial IoT of Vehicle Fleets using Hierarchical Modified Fuzzy Support Vector Machine,Arindam Chaudhuri,http://arxiv.org/abs/1806.09612v1,,,2018-06-24T18:09:52,2026-09-10T19:42:34.165668
1.0,RESEARCH_PAPER,The Foundations of Deep Learning with a Path Towards General Intelligence,Eray Özkural,http://arxiv.org/abs/1806.08874v1,,,2018-06-22T22:52:12,2026-09-10T19:42:34.165717
1.0,RESEARCH_PAPER,DALEX: explainers for complex predictive models,Przemyslaw Biecek,http://arxiv.org/abs/1806.08915v2,,,2018-06-23T06:28:38,2026-09-10T19:42:34.165767
1.0,RESEARCH_PAPER,An Inductive Formalization of Self Reproduction in Dynamical Hierarchies,Janardan Misra,http://arxiv.org/abs/1806.08925v1,,,2018-06-23T07:47:57,2026-09-10T19:42:34.165815
1.0,RESEARCH_PAPER,Research on Artificial Intelligence Ethics Based on the Evolution of Population Knowledge Base,"Feng Liu, Yong Shi",http://arxiv.org/abs/1806.10095v3,,,2018-06-09T17:01:27,2026-09-10T19:42:34.165864
1.0,RESEARCH_PAPER,The Art of Drafting: A Team-Oriented Hero Recommendation System for Multiplayer Online Battle Arena Games,"Zhengxing Chen, Truong-Huy D Nguyen, Yuyu Xu, Chris Amato, Seth Cooper, Yizhou Sun, Magy Seif El-Nasr",http://arxiv.org/abs/1806.10130v1,,,2018-06-26T17:59:09,2026-09-10T19:42:34.165928
1.0,RESEARCH_PAPER,Quadratic Decomposable Submodular Function Minimization,"Pan Li, Niao He, Olgica Milenkovic",http://arxiv.org/abs/1806.09842v3,,,2018-06-26T08:47:05,2026-09-10T19:42:34.165979
1.0,RESEARCH_PAPER,Probabilistic Inference Using Generators - The Statues Algorithm,Pierre Denis,http://arxiv.org/abs/1806.09997v2,,,2018-06-24T23:00:29,2026-09-10T19:42:34.166029
1.0,RESEARCH_PAPER,Towards Explainable and Controllable Open Domain Dialogue Generation with Dialogue Acts,"Can Xu, Wei Wu, Yu Wu",http://arxiv.org/abs/1807.07255v2,,,2018-07-19T06:41:05,2026-09-10T19:42:34.166078
1.0,RESEARCH_PAPER,ClariNet: Parallel Wave Generation in End-to-End Text-to-Speech,"Wei Ping, Kainan Peng, Jitong Chen",http://arxiv.org/abs/1807.07281v3,,,2018-07-19T08:15:41,2026-09-10T19:42:34.166127
1.0,RESEARCH_PAPER,Modeling Taxi Drivers' Behaviour for the Next Destination Prediction,"Alberto Rossi, Gianni Barlacchi, Monica Bianchini, Bruno Lepri",http://arxiv.org/abs/1807.08173v2,,,2018-07-21T16:31:03,2026-09-10T19:42:34.166175
1.0,RESEARCH_PAPER,Creativity and Artificial Intelligence: A Digital Art Perspective,"Bo Xing, Tshilidzi Marwala",http://arxiv.org/abs/1807.08195v1,,,2018-07-21T19:37:25,2026-09-10T19:42:34.166223
1.0,RESEARCH_PAPER,Learning Deep Hidden Nonlinear Dynamics from Aggregate Data,"Yisen Wang, Bo Dai, Lingkai Kong, Sarah Monazam Erfani, James Bailey, Hongyuan Zha",http://arxiv.org/abs/1807.08237v2,,,2018-07-22T05:59:41,2026-09-10T19:42:34.166271
1.0,RESEARCH_PAPER,Robot Learning in Homes: Improving Generalization and Reducing Dataset Bias,"Abhinav Gupta, Adithyavairavan Murali, Dhiraj Gandhi, Lerrel Pinto",http://arxiv.org/abs/1807.07049v1,,,2018-07-18T17:25:28,2026-09-10T19:42:34.166320
1.0,RESEARCH_PAPER,Question-Aware Sentence Gating Networks for Question and Answering,"Minjeong Kim, David Keetae Park, Hyungjong Noh, Yeonsoo Lee, Jaegul Choo",http://arxiv.org/abs/1807.07964v1,,,2018-07-20T07:35:43,2026-09-10T19:42:34.166370
1.0,RESEARCH_PAPER,Analyzing Hypersensitive AI: Instability in Corporate-Scale Machine Learning,"Michaela Regneri, Malte Hoffmann, Jurij Kost, Niklas Pietsch, Timo Schulz, Sabine Stamm",http://arxiv.org/abs/1807.07404v1,,,2018-07-17T14:02:14,2026-09-10T19:42:34.166417
1.0,RESEARCH_PAPER,Learning from Exemplars and Prototypes in Machine Learning and Psychology,"Julian Zubek, Ludmila Kuncheva",http://arxiv.org/abs/1806.01130v1,,,2018-06-04T14:05:07,2026-09-10T19:42:34.166465
1.0,RESEARCH_PAPER,Penalizing side effects using stepwise relative reachability,"Victoria Krakovna, Laurent Orseau, Ramana Kumar, Miljan Martic, Shane Legg",http://arxiv.org/abs/1806.01186v2,,,2018-06-04T16:30:17,2026-09-10T19:42:34.166514
1.0,RESEARCH_PAPER,Relational inductive bias for physical construction in humans and machines,"Jessica B. Hamrick, Kelsey R. Allen, Victor Bapst, Tina Zhu, Kevin R. McKee, Joshua B. Tenenbaum, Peter W. Battaglia",http://arxiv.org/abs/1806.01203v1,,,2018-06-04T16:45:19,2026-09-10T19:42:34.166562
1.0,RESEARCH_PAPER,MONAS: Multi-Objective Neural Architecture Search using Reinforcement Learning,"Chi-Hung Hsu, Shu-Huan Chang, Jhao-Hong Liang, Hsin-Ping Chou, Chun-Hao Liu, Shih-Chieh Chang, Jia-Yu Pan, Yu-Ting Chen, Wei Wei, Da-Cheng Juan",http://arxiv.org/abs/1806.10332v2,,,2018-06-27T08:12:01,2026-09-10T19:42:34.166611
1.0,RESEARCH_PAPER,Polynomial-time probabilistic reasoning with partial observations via implicit learning in probability logics,Brendan Juba,http://arxiv.org/abs/1806.11204v1,,,2018-06-28T21:33:34,2026-09-10T19:42:34.166658
1.0,RESEARCH_PAPER,Beyond One-hot Encoding: lower dimensional target embedding,"Pau Rodríguez, Miguel A. Bautista, Jordi Gonzàlez, Sergio Escalera",http://arxiv.org/abs/1806.10805v1,,,2018-06-28T07:34:14,2026-09-10T19:42:34.166706
1.0,RESEARCH_PAPER,Probably approximately correct learning of Horn envelopes from queries,"Daniel Borchmann, Tom Hanika, Sergei Obiedkov",http://arxiv.org/abs/1807.06149v1,,,2018-07-16T23:24:03,2026-09-10T19:42:34.166754
1.0,RESEARCH_PAPER,Evolving Large-Scale Data Stream Analytics based on Scalable PANFIS,"Mahardhika Pratama, Choiru Za'in, Eric Pardede",http://arxiv.org/abs/1807.06996v1,,,2018-07-18T15:36:06,2026-09-10T19:42:34.166803
1.0,RESEARCH_PAPER,"The Mathematics of Changing one's Mind, via Jeffrey's or via Pearl's update rule",Bart Jacobs,http://arxiv.org/abs/1807.05609v3,,,2018-07-15T20:29:15,2026-09-10T19:42:34.166853
1.0,RESEARCH_PAPER,Teaching machines to understand data science code by semantic enrichment of dataflow graphs,"Evan Patterson, Ioana Baldini, Aleksandra Mojsilovic, Kush R. Varshney",http://arxiv.org/abs/1807.05691v2,,,2018-07-16T06:21:54,2026-09-10T19:42:34.166901
1.0,RESEARCH_PAPER,Preference-Based Monte Carlo Tree Search,"Tobias Joppen, Christian Wirth, Johannes Fürnkranz",http://arxiv.org/abs/1807.06286v1,,,2018-07-17T09:04:35,2026-09-10T19:42:34.166950
1.0,RESEARCH_PAPER,RuleMatrix: Visualizing and Understanding Classifiers with Rules,"Yao Ming, Huamin Qu, Enrico Bertini",http://arxiv.org/abs/1807.06228v1,,,2018-07-17T05:29:10,2026-09-10T19:42:34.166999
1.0,RESEARCH_PAPER,Following High-level Navigation Instructions on a Simulated Quadcopter with Imitation Learning,"Valts Blukis, Nataly Brukhim, Andrew Bennett, Ross A. Knepper, Yoav Artzi",http://arxiv.org/abs/1806.00047v1,,,2018-05-31T18:42:26,2026-09-10T19:42:34.167077
1.0,RESEARCH_PAPER,Efficient Low-rank Multimodal Fusion with Modality-Specific Factors,"Zhun Liu, Ying Shen, Varun Bharadhwaj Lakshminarasimhan, Paul Pu Liang, Amir Zadeh, Louis-Philippe Morency",http://arxiv.org/abs/1806.00064v1,,,2018-05-31T19:28:23,2026-09-10T19:42:34.167129
1.0,RESEARCH_PAPER,Technical Report: Inconsistency in Answer Set Programs and Extensions,Christoph Redl,http://arxiv.org/abs/1806.00119v1,,,2018-05-31T22:11:21,2026-09-10T19:42:34.167177
1.0,RESEARCH_PAPER,Program Synthesis Through Reinforcement Learning Guided Tree Search,"Riley Simmons-Edler, Anders Miltner, Sebastian Seung",http://arxiv.org/abs/1806.02932v1,,,2018-06-08T00:53:43,2026-09-10T19:42:34.167225
1.0,RESEARCH_PAPER,State Space Representations of Deep Neural Networks,"Michael Hauser, Sean Gunn, Samer Saab, Asok Ray",http://arxiv.org/abs/1806.03751v3,,,2018-06-11T00:26:13,2026-09-10T19:42:34.167273
1.0,RESEARCH_PAPER,"An Efficient, Generalized Bellman Update For Cooperative Inverse Reinforcement Learning","Dhruv Malik, Malayandi Palaniappan, Jaime F. Fisac, Dylan Hadfield-Menell, Stuart Russell, Anca D. Dragan",http://arxiv.org/abs/1806.03820v1,,,2018-06-11T06:06:43,2026-09-10T19:42:34.167323
1.0,RESEARCH_PAPER,What Knowledge is Needed to Solve the RTE5 Textual Entailment Challenge?,Peter Clark,http://arxiv.org/abs/1806.03561v1,,,2018-06-10T00:33:47,2026-09-10T19:42:34.167370
1.0,RESEARCH_PAPER,ML + FV = $\heartsuit$? A Survey on the Application of Machine Learning to Formal Verification,"Moussa Amrani, Levi Lúcio, Adrien Bibal",http://arxiv.org/abs/1806.03600v2,,,2018-06-10T07:29:41,2026-09-10T19:42:34.167419
1.0,RESEARCH_PAPER,An Approximation Algorithm for Risk-averse Submodular Optimization,"Lifeng Zhou, Pratap Tokekar",http://arxiv.org/abs/1807.09358v2,,,2018-07-24T21:10:50,2026-09-10T19:42:34.167468
1.0,RESEARCH_PAPER,LAPRAN: A Scalable Laplacian Pyramid Reconstructive Adversarial Network for Flexible Compressive Sensing Reconstruction,"Kai Xu, Zhikang Zhang, Fengbo Ren",http://arxiv.org/abs/1807.09388v3,,,2018-07-24T23:28:17,2026-09-10T19:42:34.167516
1.0,RESEARCH_PAPER,Finding Better Subword Segmentation for Neural Machine Translation,"Yingting Wu, Hai Zhao",http://arxiv.org/abs/1807.09639v1,,,2018-07-25T14:43:46,2026-09-10T19:42:34.167564
1.0,RESEARCH_PAPER,Visual Dynamics: Stochastic Future Generation via Layered Cross Convolutional Networks,"Tianfan Xue, Jiajun Wu, Katherine L. Bouman, William T. Freeman",http://arxiv.org/abs/1807.09245v3,,,2018-07-24T17:28:31,2026-09-10T19:42:34.167612
1.0,RESEARCH_PAPER,AceKG: A Large-scale Knowledge Graph for Academic Data Mining,"Ruijie Wang, Yuchen Yan, Jialu Wang, Yuting Jia, Ye Zhang, Weinan Zhang, Xinbing Wang",http://arxiv.org/abs/1807.08484v2,,,2018-07-23T08:57:44,2026-09-10T19:42:34.167661
1.0,RESEARCH_PAPER,Knowledge-based Transfer Learning Explanation,"Jiaoyan Chen, Freddy Lecue, Jeff Z. Pan, Ian Horrocks, Huajun Chen",http://arxiv.org/abs/1807.08372v1,,,2018-07-22T21:32:12,2026-09-10T19:42:34.167709
1.0,RESEARCH_PAPER,RAPIDNN: In-Memory Deep Neural Network Acceleration Framework,"Mohsen Imani, Mohammad Samragh, Yeseong Kim, Saransh Gupta, Farinaz Koushanfar, Tajana Rosing",http://arxiv.org/abs/1806.05794v4,,,2018-06-15T03:07:55,2026-09-10T19:42:34.167758
1.0,RESEARCH_PAPER,Power-Grid Controller Anomaly Detection with Enhanced Temporal Deep Learning,"Zecheng He, Aswin Raghavan, Guangyuan Hu, Sek Chai, Ruby Lee",http://arxiv.org/abs/1806.06496v3,,,2018-06-18T04:28:18,2026-09-10T19:42:34.167806
1.0,RESEARCH_PAPER,"HitNet: a neural network with capsules embedded in a Hit-or-Miss layer, extended with hybrid data augmentation and ghost capsules","Adrien Deliège, Anthony Cioppa, Marc Van Droogenbroeck",http://arxiv.org/abs/1806.06519v1,,,2018-06-18T07:08:11,2026-09-10T19:42:34.167854
1.0,RESEARCH_PAPER,A Self-Replication Basis for Designing Complex Agents,Thommen George Karimpanal,http://arxiv.org/abs/1806.06010v1,,,2018-05-18T03:57:41,2026-09-10T19:42:34.167902
1.0,RESEARCH_PAPER,A New COLD Feature based Handwriting Analysis for Ethnicity/Nationality Identification,"Sauradip Nag, Palaiahnakote Shivakumara, Wu Yirui, Umapada Pal, Tong Lu",http://arxiv.org/abs/1806.07072v1,,,2018-06-19T07:14:54,2026-09-10T19:42:34.167951
1.0,RESEARCH_PAPER,Instance-Level Explanations for Fraud Detection: A Case Study,"Dennis Collaris, Leo M. Vink, Jarke J. van Wijk",http://arxiv.org/abs/1806.07129v1,,,2018-06-19T09:42:36,2026-09-10T19:42:34.168001
1.0,RESEARCH_PAPER,SMarTplan: a Task Planner for Smart Factories,"Arthur Bit-Monnot, Francesco Leofante, Luca Pulina, Erika Abraham, Armando Tacchella",http://arxiv.org/abs/1806.07135v1,,,2018-06-19T10:01:48,2026-09-10T19:42:34.168203
1.0,RESEARCH_PAPER,Solving the Steiner Tree Problem in graphs with Variable Neighborhood Descent,"Matthieu De Laere, San Tu Pham, Patrick De Causmaecker",http://arxiv.org/abs/1806.06685v1,,,2018-06-13T21:39:20,2026-09-10T19:42:34.168324
1.0,RESEARCH_PAPER,"Biased Embeddings from Wild Data: Measuring, Understanding and Removing","Adam Sutton, Thomas Lansdall-Welfare, Nello Cristianini",http://arxiv.org/abs/1806.06301v1,,,2018-06-16T21:46:59,2026-09-10T19:42:34.168408
1.0,RESEARCH_PAPER,Incorporating Chinese Characters of Words for Lexical Sememe Prediction,"Huiming Jin, Hao Zhu, Zhiyuan Liu, Ruobing Xie, Maosong Sun, Fen Lin, Leyu Lin",http://arxiv.org/abs/1806.06349v1,,,2018-06-17T08:44:55,2026-09-10T19:42:34.168570
1.0,RESEARCH_PAPER,Non-Negative Networks Against Adversarial Attacks,"William Fleshman, Edward Raff, Jared Sylvester, Steven Forsyth, Mark McLean",http://arxiv.org/abs/1806.06108v2,,,2018-06-15T20:02:57,2026-09-10T19:42:34.168732
1.0,RESEARCH_PAPER,TrQuery: An Embedding-based Framework for Recommanding SPARQL Queries,"Lijing Zhang, Xiaowang Zhang, Zhiyong Feng",http://arxiv.org/abs/1806.06205v1,,,2018-06-16T08:17:08,2026-09-10T19:42:34.168881
1.0,RESEARCH_PAPER,Meta-learning: searching in the model space,"Włodzisław Duch, Karol Grudzińsk",http://arxiv.org/abs/1806.06207v1,,,2018-06-16T08:24:35,2026-09-10T19:42:34.168971
1.0,RESEARCH_PAPER,Offline Extraction of Indic Regional Language from Natural Scene Image using Text Segmentation and Deep Convolutional Sequence,"Sauradip Nag, Pallab Kumar Ganguly, Sumit Roy, Sourab Jha, Krishna Bose, Abhishek Jha, Kousik Dasgupta",http://arxiv.org/abs/1806.06208v2,,,2018-06-16T08:31:06,2026-09-10T19:42:34.169046
1.0,RESEARCH_PAPER,Semantic Image Retrieval by Uniting Deep Neural Networks and Cognitive Architectures,"Alexey Potapov, Innokentii Zhdanov, Oleg Scherbakov, Nikolai Skorobogatko, Hugo Latapie, Enzo Fenoglio",http://arxiv.org/abs/1806.06946v1,,,2018-06-14T14:53:53,2026-09-10T19:42:34.169112
1.0,RESEARCH_PAPER,Assessing the Scalability of Biologically-Motivated Deep Learning Algorithms and Architectures,"Sergey Bartunov, Adam Santoro, Blake A. Richards, Luke Marris, Geoffrey E. Hinton, Timothy Lillicrap",http://arxiv.org/abs/1807.04587v2,,,2018-07-12T12:53:50,2026-09-10T19:42:34.169172
1.0,RESEARCH_PAPER,Boosting Combinatorial Problem Modeling with Machine Learning,"Michele Lombardi, Michela Milano",http://arxiv.org/abs/1807.05517v1,,,2018-07-15T09:12:08,2026-09-10T19:42:34.169229
1.0,RESEARCH_PAPER,Visual Referring Expression Recognition: What Do Systems Actually Learn?,"Volkan Cirik, Louis-Philippe Morency, Taylor Berg-Kirkpatrick",http://arxiv.org/abs/1805.11818v1,,,2018-05-30T06:03:21,2026-09-10T19:42:34.169281
1.0,RESEARCH_PAPER,Using Inter-Sentence Diverse Beam Search to Reduce Redundancy in Visual Storytelling,"Chao-Chun Hsu, Szu-Min Chen, Ming-Hsun Hsieh, Lun-Wei Ku",http://arxiv.org/abs/1805.11867v1,,,2018-05-30T08:59:44,2026-09-10T19:42:34.169344
1.0,RESEARCH_PAPER,Simplifying Reward Design through Divide-and-Conquer,"Ellis Ratner, Dylan Hadfield-Menell, Anca D. Dragan",http://arxiv.org/abs/1806.02501v1,,,2018-06-07T03:49:05,2026-09-10T19:42:34.169398
1.0,RESEARCH_PAPER,Removing Algorithmic Discrimination (With Minimal Individual Error),"El Mahdi El Mhamdi, Rachid Guerraoui, Lê Nguyên Hoang, Alexandre Maurer",http://arxiv.org/abs/1806.02510v1,,,2018-06-07T04:49:46,2026-09-10T19:42:34.169452
1.0,RESEARCH_PAPER,Dempsterian-Shaferian Belief Network From Data,Mieczysław A. Kłopotek,http://arxiv.org/abs/1806.02373v1,,,2018-06-06T18:27:39,2026-09-10T19:42:34.169504
1.0,RESEARCH_PAPER,Human-aided Multi-Entity Bayesian Networks Learning from Relational Data,"Cheol Young Park, Kathryn Blackmond Laskey",http://arxiv.org/abs/1806.02421v1,,,2018-06-06T20:51:06,2026-09-10T19:42:34.169560
1.0,RESEARCH_PAPER,Deep Reinforcement Learning for General Video Game AI,"Ruben Rodriguez Torrado, Philip Bontrager, Julian Togelius, Jialin Liu, Diego Perez-Liebana",http://arxiv.org/abs/1806.02448v1,,,2018-06-06T22:39:26,2026-09-10T19:42:34.169615
1.0,RESEARCH_PAPER,Reference Model of Multi-Entity Bayesian Networks for Predictive Situation Awareness,"Cheol Young Park, Kathryn Blackmond Laskey",http://arxiv.org/abs/1806.02457v2,,,2018-06-06T23:17:12,2026-09-10T19:42:34.169667
1.0,RESEARCH_PAPER,Jointly Embedding Entities and Text with Distant Supervision,"Denis Newman-Griffis, Albert M. Lai, Eric Fosler-Lussier",http://arxiv.org/abs/1807.03399v1,,,2018-07-09T21:40:53,2026-09-10T19:42:34.170218
1.0,RESEARCH_PAPER,Easing Embedding Learning by Comprehensive Transcription of Heterogeneous Information Networks,"Yu Shi, Qi Zhu, Fang Guo, Chao Zhang, Jiawei Han",http://arxiv.org/abs/1807.03490v1,,,2018-07-10T06:21:22,2026-09-10T19:42:34.170665
1.0,RESEARCH_PAPER,Reasoning about exceptions in ontologies: from the lexicographic closure to the skeptical closure,"Laura Giordano, Valentina Gliozzi",http://arxiv.org/abs/1807.02879v1,,,2018-07-08T20:28:54,2026-09-10T19:42:34.170858
1.0,RESEARCH_PAPER,A Game-Based Approximate Verification of Deep Neural Networks with Provable Guarantees,"Min Wu, Matthew Wicker, Wenjie Ruan, Xiaowei Huang, Marta Kwiatkowska",http://arxiv.org/abs/1807.03571v2,,,2018-07-10T11:28:46,2026-09-10T19:42:34.170956
1.0,RESEARCH_PAPER,Shortening Time Required for Adaptive Structural Learning Method of Deep Belief Network with Multi-Modal Data Arrangement,"Shin Kamada, Takumi Ichimura",http://arxiv.org/abs/1807.03952v1,,,2018-07-11T05:30:20,2026-09-10T19:42:34.171033
1.0,RESEARCH_PAPER,Backpropagation for Implicit Spectral Densities,"Aditya Ramesh, Yann LeCun",http://arxiv.org/abs/1806.00499v1,,,2018-06-01T18:28:20,2026-09-10T19:42:34.171105
1.0,RESEARCH_PAPER,Deep Pepper: Expert Iteration based Chess agent in the Reinforcement Learning Setting,"Sai Krishna G. V., Kyle Goyette, Ahmad Chamseddine, Breandan Considine",http://arxiv.org/abs/1806.00683v2,,,2018-06-02T18:35:37,2026-09-10T19:42:34.171179
1.0,RESEARCH_PAPER,Problem-Adapted Artificial Intelligence for Online Network Optimization,"Spyridon Vassilaras, Luigi Vigneri, Nikolaos Liakopoulos, Georgios S. Paschos, Apostolos Destounis, Thrasyvoulos Spyropoulos, Merouane Debbah",http://arxiv.org/abs/1805.12090v2,,,2018-05-30T17:12:48,2026-09-10T19:42:34.171249
1.0,RESEARCH_PAPER,Admissible Abstractions for Near-optimal Task and Motion Planning,"William Vega-Brown, Nicholas Roy",http://arxiv.org/abs/1806.00805v1,,,2018-06-03T14:56:42,2026-09-10T19:42:34.171304
1.0,RESEARCH_PAPER,Graph networks as learnable physics engines for inference and control,"Alvaro Sanchez-Gonzalez, Nicolas Heess, Jost Tobias Springenberg, Josh Merel, Martin Riedmiller, Raia Hadsell, Peter Battaglia",http://arxiv.org/abs/1806.01242v1,,,2018-06-04T17:29:40,2026-09-10T19:42:34.171359
1.0,RESEARCH_PAPER,JUMPER: Learning When to Make Classification Decisions in Reading,"Xianggen Liu, Lili Mou, Haotian Cui, Zhengdong Lu, Sen Song",http://arxiv.org/abs/1807.02314v1,,,2018-07-06T08:49:56,2026-09-10T19:42:34.171412
1.0,RESEARCH_PAPER,Region Growing Curriculum Generation for Reinforcement Learning,"Artem Molchanov, Karol Hausman, Stan Birchfield, Gaurav Sukhatme",http://arxiv.org/abs/1807.01425v1,,,2018-07-04T01:49:29,2026-09-10T19:42:34.171464
1.0,RESEARCH_PAPER,Quasi-Dilemmas for Artificial Moral Agents,"Daniel Kasenberg, Vasanth Sarathy, Thomas Arnold, Matthias Scheutz, Tom Williams",http://arxiv.org/abs/1807.02572v1,,,2018-07-06T21:34:48,2026-09-10T19:42:34.171515
1.0,RESEARCH_PAPER,Sample-Efficient Reinforcement Learning with Stochastic Ensemble Value Expansion,"Jacob Buckman, Danijar Hafner, George Tucker, Eugene Brevdo, Honglak Lee",http://arxiv.org/abs/1807.01675v2,,,2018-07-04T16:51:56,2026-09-10T19:42:34.171564
1.0,RESEARCH_PAPER,Transfer with Model Features in Reinforcement Learning,"Lucas Lehnert, Michael L. Littman",http://arxiv.org/abs/1807.01736v1,,,2018-07-04T18:41:27,2026-09-10T19:42:34.171612
1.0,RESEARCH_PAPER,Scalable Formal Concept Analysis algorithm for large datasets using Spark,"Raghavendra K Chunduri, Aswani Kumar Cherukuri",http://arxiv.org/abs/1807.02258v1,,,2018-07-06T05:22:31,2026-09-10T19:42:34.171660
1.0,RESEARCH_PAPER,Experimental Tests of Spirituality,Abraham Loeb,http://arxiv.org/abs/1806.01661v1,,,2018-06-04T16:28:21,2026-09-10T19:42:34.171706
1.0,RESEARCH_PAPER,Hierarchical Graph Clustering using Node Pair Sampling,"Thomas Bonald, Bertrand Charpentier, Alexis Galland, Alexandre Hollocou",http://arxiv.org/abs/1806.01664v2,,,2018-06-05T12:54:07,2026-09-10T19:42:34.171782
1.0,RESEARCH_PAPER,Introducing the Simulated Flying Shapes and Simulated Planar Manipulator Datasets,"Fabio Ferreira, Jonas Rothfuss, Eren Erdal Aksoy, You Zhou, Tamim Asfour",http://arxiv.org/abs/1807.00703v1,,,2018-07-02T14:20:24,2026-09-10T19:42:34.171832
1.0,RESEARCH_PAPER,Understanding the Effectiveness of Lipschitz-Continuity in Generative Adversarial Nets,"Zhiming Zhou, Yuxuan Song, Lantao Yu, Hongwei Wang, Jiadong Liang, Weinan Zhang, Zhihua Zhang, Yong Yu",http://arxiv.org/abs/1807.00751v6,,,2018-07-02T15:41:34,2026-09-10T19:42:34.171880
1.0,RESEARCH_PAPER,Dynamic Prediction Length for Time Series with Sequence to Sequence Networks,"Mark Harmon, Diego Klabjan",http://arxiv.org/abs/1807.00425v2,,,2018-07-02T01:00:23,2026-09-10T19:42:34.171928
1.0,RESEARCH_PAPER,Task-Driven Convolutional Recurrent Models of the Visual System,"Aran Nayebi, Daniel Bear, Jonas Kubilius, Kohitij Kar, Surya Ganguli, David Sussillo, James J. DiCarlo, Daniel L. K. Yamins",http://arxiv.org/abs/1807.00053v2,,,2018-06-20T20:27:23,2026-09-10T19:42:34.172187
1.0,RESEARCH_PAPER,Modeling Mistrust in End-of-Life Care,"Willie Boag, Harini Suresh, Leo Anthony Celi, Peter Szolovits, Marzyeh Ghassemi",http://arxiv.org/abs/1807.00124v2,,,2018-06-30T04:38:47,2026-09-10T19:42:34.172276
1.0,RESEARCH_PAPER,Stochastic Constraint Optimization using Propagation on Ordered Binary Decision Diagrams,"Anna L. D. Latour, Behrouz Babaki, Siegfried Nijssen",http://arxiv.org/abs/1807.01079v1,,,2018-07-03T10:58:38,2026-09-10T19:42:34.172337
1.0,RESEARCH_PAPER,Solving Atari Games Using Fractals And Entropy,"Sergio Hernandez Cerezo, Guillem Duran Ballester, Spiros Baxevanakis",http://arxiv.org/abs/1807.01081v1,,,2018-07-03T10:59:26,2026-09-10T19:42:34.172390
1.0,RESEARCH_PAPER,Playing against Nature: causal discovery for decision making under uncertainty,"M. Gonzalez-Soto, L. E. Sucar, H. J. Escalante",http://arxiv.org/abs/1807.01268v1,,,2018-07-03T16:36:03,2026-09-10T19:42:34.172441
1.0,RESEARCH_PAPER,Human-level performance in first-person multiplayer games with population-based deep reinforcement learning,"Max Jaderberg, Wojciech M. Czarnecki, Iain Dunning, Luke Marris, Guy Lever, Antonio Garcia Castaneda, Charles Beattie, Neil C. Rabinowitz, Ari S. Morcos, Avraham Ruderman, Nicolas Sonnerat, Tim Green, Louise Deason, Joel Z. Leibo, David Silver, Demis Hassabis, Koray Kavukcuoglu, Thore Graepel",http://arxiv.org/abs/1807.01281v1,,,2018-07-03T16:57:18,2026-09-10T19:42:34.172494
1.0,RESEARCH_PAPER,Improving part-of-speech tagging via multi-task learning and character-level word representations,"Daniil Anastasyev, Ilya Gusev, Eugene Indenbom",http://arxiv.org/abs/1807.00818v1,,,2018-07-02T13:04:52,2026-09-10T19:42:34.172543
1.0,RESEARCH_PAPER,Fairness Behind a Veil of Ignorance: A Welfare Analysis for Automated Decision Making,"Hoda Heidari, Claudio Ferrari, Krishna P. Gummadi, Andreas Krause",http://arxiv.org/abs/1806.04959v4,,,2018-06-13T11:36:05,2026-09-10T19:42:34.172594
1.0,RESEARCH_PAPER,MAP inference via Block-Coordinate Frank-Wolfe Algorithm,"Paul Swoboda, Vladimir Kolmogorov",http://arxiv.org/abs/1806.05049v2,,,2018-06-13T14:03:38,2026-09-10T19:42:34.172642
1.0,RESEARCH_PAPER,Dynamic Risk Assessment for Vehicles of Higher Automation Levels by Deep Learning,"Patrik Feth, Mohammed Naveed Akram, René Schuster, Oliver Wasenmüller",http://arxiv.org/abs/1806.07635v1,,,2018-06-20T09:41:14,2026-09-10T19:42:34.172692
1.0,RESEARCH_PAPER,Meta-Learning by the Baldwin Effect,"Chrisantha Thomas Fernando, Jakub Sygnowski, Simon Osindero, Jane Wang, Tom Schaul, Denis Teplyashin, Pablo Sprechmann, Alexander Pritzel, Andrei A. Rusu",http://arxiv.org/abs/1806.07917v2,,,2018-06-06T08:39:03,2026-09-10T19:42:34.172741
1.0,RESEARCH_PAPER,The Temporal Singularity: time-accelerated simulated civilizations and their implications,Giacomo Spigler,http://arxiv.org/abs/1806.08561v1,,,2018-06-22T09:02:29,2026-09-10T19:42:34.172788
1.0,RESEARCH_PAPER,A Reputation System for Artificial Societies,"Anton Kolonin, Ben Goertzel, Deborah Duong, Matt Ikle",http://arxiv.org/abs/1806.07342v1,,,2018-06-19T16:50:46,2026-09-10T19:42:34.172836
1.0,RESEARCH_PAPER,Object-Oriented Dynamics Predictor,"Guangxiang Zhu, Zhiao Huang, Chongjie Zhang",http://arxiv.org/abs/1806.07371v3,,,2018-05-25T13:54:36,2026-09-10T19:42:34.172884
1.0,RESEARCH_PAPER,Contrastive Explanations with Local Foil Trees,"Jasper van der Waa, Marcel Robeer, Jurriaan van Diggelen, Matthieu Brinkhuis, Mark Neerincx",http://arxiv.org/abs/1806.07470v1,,,2018-06-19T21:12:37,2026-09-10T19:42:34.172931
1.0,RESEARCH_PAPER,Imminent Collision Mitigation with Reinforcement Learning and Vision,"Horia Porav, Paul Newman",http://arxiv.org/abs/1901.00898v1,,,2019-01-03T20:09:40,2026-09-10T19:42:34.172978
1.0,RESEARCH_PAPER,BMF: Block matrix approach to factorization of large scale data,"Prasad G Bhavana, Vineet C Nair",http://arxiv.org/abs/1901.00444v2,,,2019-01-02T16:25:54,2026-09-10T19:42:34.173023
1.0,RESEARCH_PAPER,Adaptive Locality Preserving Regression,"Jie Wen, Zuofeng Zhong, Zheng Zhang, Lunke Fei, Zhihui Lai, Runze Chen",http://arxiv.org/abs/1901.00563v1,,,2019-01-03T00:36:23,2026-09-10T19:42:34.173070
1.0,RESEARCH_PAPER,Deep Reinforcement Learning for Imbalanced Classification,"Enlu Lin, Qiong Chen, Xiaoming Qi",http://arxiv.org/abs/1901.01379v1,,,2019-01-05T07:59:47,2026-09-10T19:42:34.173116
1.0,RESEARCH_PAPER,The Limits of Morality in Strategic Games,"Rui Cao, Pavel Naumov",http://arxiv.org/abs/1901.08467v1,,,2019-01-22T19:40:46,2026-09-10T19:42:34.173162
1.0,RESEARCH_PAPER,When is it right and good for an intelligent autonomous vehicle to take over control (and hand it back)?,Ajit Narayanan,http://arxiv.org/abs/1901.08221v1,,,2019-01-24T03:51:10,2026-09-10T19:42:34.173208
1.0,RESEARCH_PAPER,Composition and decomposition of GANs,"Yeu-Chern Harn, Zhenghao Chen, Vladimir Jojic",http://arxiv.org/abs/1901.07667v1,,,2019-01-23T00:48:45,2026-09-10T19:42:34.173255
1.0,RESEARCH_PAPER,Modeling Human Motion with Quaternion-based Neural Networks,"Dario Pavllo, Christoph Feichtenhofer, Michael Auli, David Grangier",http://arxiv.org/abs/1901.07677v2,,,2019-01-21T23:56:54,2026-09-10T19:42:34.173301
1.0,RESEARCH_PAPER,Self-Attentive Model for Headline Generation,"Daniil Gavrilov, Pavel Kalaidin, Valentin Malykh",http://arxiv.org/abs/1901.07786v1,,,2019-01-23T09:39:45,2026-09-10T19:42:34.173347
1.0,RESEARCH_PAPER,Hierarchical Reinforcement Learning for Multi-agent MOBA Game,"Zhijian Zhang, Haozheng Li, Luo Zhang, Tianyin Zheng, Ting Zhang, Xiong Hao, Xiaoxin Chen, Min Chen, Fangxu Xiao, Wei Zhou",http://arxiv.org/abs/1901.08004v6,,,2019-01-23T17:08:15,2026-09-10T19:42:34.173394
1.0,RESEARCH_PAPER,A Question-Entailment Approach to Question Answering,"Asma Ben Abacha, Dina Demner-Fushman",http://arxiv.org/abs/1901.08079v1,,,2019-01-23T19:02:27,2026-09-10T19:42:34.173439
1.0,RESEARCH_PAPER,Learned Belief-Propagation Decoding with Simple Scaling and SNR Adaptation,"Mengke Lian, Fabrizio Carpi, Christian Häger, Henry D. Pfister",http://arxiv.org/abs/1901.08621v1,,,2019-01-24T19:37:04,2026-09-10T19:42:34.173484
1.0,RESEARCH_PAPER,What Can Machine Learning Teach Us about Communications?,"Mengke Lian, Christian Häger, Henry D. Pfister",http://arxiv.org/abs/1901.07592v2,,,2019-01-22T19:41:44,2026-09-10T19:42:34.173530
1.0,RESEARCH_PAPER,Single Deep Counterfactual Regret Minimization,Eric Steinberger,http://arxiv.org/abs/1901.07621v4,,,2019-01-22T21:52:29,2026-09-10T19:42:34.173575
1.0,RESEARCH_PAPER,Meta Reinforcement Learning with Distribution of Exploration Parameters Learned by Evolution Strategies,"Yiming Shen, Kehan Yang, Yufeng Yuan, Simon Cheng Liu",http://arxiv.org/abs/1812.11314v2,,,2018-12-29T08:40:38,2026-09-10T19:42:34.173621
1.0,RESEARCH_PAPER,SLIM LSTMs,Fathi M. Salem,http://arxiv.org/abs/1812.11391v1,,,2018-12-29T16:11:01,2026-09-10T19:42:34.173681
1.0,RESEARCH_PAPER,Can rationality be measured?,Tshilidzi Marwala,http://arxiv.org/abs/1812.10144v1,,,2018-12-25T17:52:39,2026-09-10T19:42:34.173728
1.0,RESEARCH_PAPER,Entity Synonym Discovery via Multipiece Bilateral Context Matching,"Chenwei Zhang, Yaliang Li, Nan Du, Wei Fan, Philip S. Yu",http://arxiv.org/abs/1901.00056v2,,,2018-12-31T22:05:05,2026-09-10T19:42:34.173774
1.0,RESEARCH_PAPER,Text Infilling,"Wanrong Zhu, Zhiting Hu, Eric Xing",http://arxiv.org/abs/1901.00158v2,,,2019-01-01T14:41:17,2026-09-10T19:42:34.173824
1.0,RESEARCH_PAPER,The Diagrammatic AI Language (DIAL): Version 0.1,"Guy Marshall, André Freitas",http://arxiv.org/abs/1812.11142v1,,,2018-12-28T18:11:12,2026-09-10T19:42:34.173870
1.0,RESEARCH_PAPER,Transfer Meets Hybrid: A Synthetic Approach for Cross-Domain Collaborative Filtering with Text,"Guangneng Hu, Yu Zhang, Qiang Yang",http://arxiv.org/abs/1901.07199v1,,,2019-01-22T08:05:34,2026-09-10T19:42:34.173917
1.0,RESEARCH_PAPER,Unsupervised Automated Event Detection using an Iterative Clustering based Segmentation Approach,"Deepak K. Gupta, Rohit K. Shrivastava, Suhas Phadke, Jeroen Goudswaard",http://arxiv.org/abs/1901.07222v1,,,2019-01-22T09:24:58,2026-09-10T19:42:34.173963
1.0,RESEARCH_PAPER,Dialogue Design and Management for Multi-Session Casual Conversation with Older Adults,"S. Zahra Razavi, Lenhart K. Schubert, Benjamin Kane, Mohammad Rafayet Ali, Kimberly Van Orden, Tianyi Ma",http://arxiv.org/abs/1901.06620v2,,,2019-01-20T04:38:57,2026-09-10T19:42:34.174009
1.0,RESEARCH_PAPER,Mixed Formal Learning: A Path to Transparent Machine Learning,Sandra Carrico,http://arxiv.org/abs/1901.06622v1,,,2019-01-20T04:44:12,2026-09-10T19:42:34.174053
1.0,RESEARCH_PAPER,Genetic Algorithm-based Polar Code Construction for the AWGN Channel,"Ahmed Elkelesh, Moustafa Ebada, Sebastian Cammerer, Stephan ten Brink",http://arxiv.org/abs/1901.06444v1,,,2019-01-19T00:06:35,2026-09-10T19:42:34.174125
1.0,RESEARCH_PAPER,CheXpert: A Large Chest Radiograph Dataset with Uncertainty Labels and Expert Comparison,"Jeremy Irvin, Pranav Rajpurkar, Michael Ko, Yifan Yu, Silviana Ciurea-Ilcus, Chris Chute, Henrik Marklund, Behzad Haghgoo, Robyn Ball, Katie Shpanskaya, Jayne Seekins, David A. Mong, Safwan S. Halabi, Jesse K. Sandberg, Ricky Jones, David B. Larson, Curtis P. Langlotz, Bhavik N. Patel, Matthew P. Lungren, Andrew Y. Ng",http://arxiv.org/abs/1901.07031v1,,,2019-01-21T18:41:59,2026-09-10T19:42:34.174182
1.0,RESEARCH_PAPER,On the Relative Expressiveness of Bayesian and Neural Networks,"Arthur Choi, Ruocheng Wang, Adnan Darwiche",http://arxiv.org/abs/1812.08957v1,,,2018-12-21T05:43:13,2026-09-10T19:42:34.174232
1.0,RESEARCH_PAPER,Position Bias Estimation for Unbiased Learning-to-Rank in eCommerce Search,"Grigor Aslanyan, Utkarsh Porwal",http://arxiv.org/abs/1812.09338v3,,,2018-12-21T19:05:15,2026-09-10T19:42:34.174278
1.0,RESEARCH_PAPER,Hierarchical Macro Strategy Model for MOBA Game AI,"Bin Wu, Qiang Fu, Jing Liang, Peng Qu, Xiaoqian Li, Liang Wang, Wei Liu, Wei Yang, Yongsheng Liu",http://arxiv.org/abs/1812.07887v1,,,2018-12-19T11:32:46,2026-09-10T19:42:34.174325
1.0,RESEARCH_PAPER,An Empirical Evaluation of Sketched SVD and its Application to Leverage Score Ordering,"Hui Han Chin, Paul Pu Liang",http://arxiv.org/abs/1812.07903v1,,,2018-12-19T12:06:58,2026-09-10T19:42:34.174370
1.0,RESEARCH_PAPER,Semantic Frame Parsing for Information Extraction : the CALOR corpus,"Gabriel Marzinotto, Jeremy Auguste, Frederic Bechet, Géraldine Damnati, Alexis Nasr",http://arxiv.org/abs/1812.08039v1,,,2018-12-19T15:54:41,2026-09-10T19:42:34.174416
1.0,RESEARCH_PAPER,Machine Learning Automation Toolbox (MLaut),"Viktor Kazakov, Franz J. Király",http://arxiv.org/abs/1901.03678v1,,,2019-01-11T18:06:05,2026-09-10T19:42:34.174462
1.0,RESEARCH_PAPER,Self-Monitoring Navigation Agent via Auxiliary Progress Estimation,"Chih-Yao Ma, Jiasen Lu, Zuxuan Wu, Ghassan AlRegib, Zsolt Kira, Richard Socher, Caiming Xiong",http://arxiv.org/abs/1901.03035v1,,,2019-01-10T06:46:50,2026-09-10T19:42:34.174507
1.0,RESEARCH_PAPER,Motion Perception in Reinforcement Learning with Dynamic Objects,"Artemij Amiranashvili, Alexey Dosovitskiy, Vladlen Koltun, Thomas Brox",http://arxiv.org/abs/1901.03162v2,,,2019-01-10T13:59:19,2026-09-10T19:42:34.174553
1.0,RESEARCH_PAPER,ADMM-NN: An Algorithm-Hardware Co-Design Framework of DNNs Using Alternating Direction Method of Multipliers,"Ao Ren, Tianyun Zhang, Shaokai Ye, Jiayu Li, Wenyao Xu, Xuehai Qian, Xue Lin, Yanzhi Wang",http://arxiv.org/abs/1812.11677v1,,,2018-12-31T02:26:48,2026-09-10T19:42:34.174600
1.0,RESEARCH_PAPER,Accelerating Goal-Directed Reinforcement Learning by Model Characterization,"Shoubhik Debnath, Gaurav Sukhatme, Lantao Liu",http://arxiv.org/abs/1901.01977v1,,,2019-01-04T19:04:37,2026-09-10T19:42:34.174645
1.0,RESEARCH_PAPER,Convolutional Neural Networks on non-uniform geometrical signals using Euclidean spectral transformation,"Chiyu ""Max"" Jiang, Dequan Wang, Jingwei Huang, Philip Marcus, Matthias Nießner",http://arxiv.org/abs/1901.02070v1,,,2019-01-07T21:23:33,2026-09-10T19:42:34.174691
1.0,RESEARCH_PAPER,Fuzzy neural networks to create an expert system for detecting attacks by SQL Injection,"Lucas Oliveira Batista, Gabriel Adriano de Silva, Vanessa Souza Araújo, Vinícius Jonathan Silva Araújo, Thiago Silva Rezende, Augusto Junio Guimarães, Paulo Vitor de Campos Souza",http://arxiv.org/abs/1901.02868v1,,,2019-01-09T18:41:56,2026-09-10T19:42:34.174737
1.0,RESEARCH_PAPER,Deep Learning for Human Affect Recognition: Insights and New Developments,"Philipp V. Rouast, Marc T. P. Adam, Raymond Chiong",http://arxiv.org/abs/1901.02884v1,,,2019-01-09T23:33:47,2026-09-10T19:42:34.174783
1.0,RESEARCH_PAPER,Making AI meaningful again,"Jobst Landgrebe, Barry Smith",http://arxiv.org/abs/1901.02918v3,,,2019-01-09T20:16:44,2026-09-10T19:42:34.174829
1.0,RESEARCH_PAPER,Transfer Representation Learning with TSK Fuzzy System,"Peng Xu, Zhaohong Deng, Jun Wang, Qun Zhang, Shitong Wang",http://arxiv.org/abs/1901.02703v1,,,2019-01-09T12:55:10,2026-09-10T19:42:34.174874
1.0,RESEARCH_PAPER,Uncertainty-Based Out-of-Distribution Detection in Deep Reinforcement Learning,"Andreas Sedlmeier, Thomas Gabor, Thomy Phan, Lenz Belzner, Claudia Linnhoff-Popien",http://arxiv.org/abs/1901.02219v1,,,2019-01-08T09:41:11,2026-09-10T19:42:34.174921
1.0,RESEARCH_PAPER,GILT: Generating Images from Long Text,"Ori Bar El, Ori Licht, Netanel Yosephian",http://arxiv.org/abs/1901.02404v1,,,2019-01-08T16:59:46,2026-09-10T19:42:34.174968
1.0,RESEARCH_PAPER,Personal Universes: A Solution to the Multi-Agent Value Alignment Problem,Roman V. Yampolskiy,http://arxiv.org/abs/1901.01851v1,,,2019-01-01T18:05:43,2026-09-10T19:42:34.175016
1.0,RESEARCH_PAPER,A Computational Framework for Motor Skill Acquisition,"Krishn Bera, Tejas Savalia, Bapi Raju",http://arxiv.org/abs/1901.01856v1,,,2019-01-03T09:06:56,2026-09-10T19:42:34.175062
1.0,RESEARCH_PAPER,Practical Lossless Compression with Latent Variables using Bits Back Coding,"James Townsend, Tom Bird, David Barber",http://arxiv.org/abs/1901.04866v1,,,2019-01-15T14:45:47,2026-09-10T19:42:34.175113
1.0,RESEARCH_PAPER,Incremental Reading for Question Answering,"Samira Abnar, Tania Bedrax-weiss, Tom Kwiatkowski, William W. Cohen",http://arxiv.org/abs/1901.04936v1,,,2019-01-15T17:03:32,2026-09-10T19:42:34.175160
1.0,RESEARCH_PAPER,Identifying and Correcting Label Bias in Machine Learning,"Heinrich Jiang, Ofir Nachum",http://arxiv.org/abs/1901.04966v1,,,2019-01-15T18:40:06,2026-09-10T19:42:34.175208
1.0,RESEARCH_PAPER,Low Precision Constant Parameter CNN on FPGA,"Thiam Khean Hah, Yeong Tat Liew, Jason Ong",http://arxiv.org/abs/1901.04969v1,,,2019-01-11T23:40:35,2026-09-10T19:42:34.175257
1.0,RESEARCH_PAPER,Soft Constraints for Inference with Declarative Knowledge,"Zenna Tavares, Javier Burroni, Edgar Minaysan, Armando Solar Lezama, Rajesh Ranganath",http://arxiv.org/abs/1901.05437v1,,,2019-01-16T18:59:38,2026-09-10T19:42:34.175306
1.0,RESEARCH_PAPER,Transfer Learning for Prosthetics Using Imitation Learning,"Montaser Mohammedalamen, Waleed D. Khamies, Benjamin Rosman",http://arxiv.org/abs/1901.04772v1,,,2019-01-15T11:35:26,2026-09-10T19:42:34.175355
1.0,RESEARCH_PAPER,Fast Deep Learning for Automatic Modulation Classification,"Sharan Ramjee, Shengtai Ju, Diyu Yang, Xiaoyu Liu, Aly El Gamal, Yonina C. Eldar",http://arxiv.org/abs/1901.05850v1,,,2019-01-16T01:15:50,2026-09-10T19:42:34.175405
1.0,RESEARCH_PAPER,Automatic Paper Summary Generation from Visual and Textual Information,"Shintaro Yamamoto, Yoshihiro Fukuhara, Ryota Suzuki, Shigeo Morishima, Hirokatsu Kataoka",http://arxiv.org/abs/1811.06943v1,,,2018-11-16T17:52:25,2026-09-10T19:42:34.175457
1.0,RESEARCH_PAPER,Towards Training Recurrent Neural Networks for Lifelong Learning,"Shagun Sodhani, Sarath Chandar, Yoshua Bengio",http://arxiv.org/abs/1811.07017v3,,,2018-11-16T20:13:23,2026-09-10T19:42:34.175505
1.0,RESEARCH_PAPER,Combining Fact Extraction and Verification with Neural Semantic Matching Networks,"Yixin Nie, Haonan Chen, Mohit Bansal",http://arxiv.org/abs/1811.07039v1,,,2018-11-16T21:37:59,2026-09-10T19:42:34.175553
1.0,RESEARCH_PAPER,Competency Questions and SPARQL-OWL Queries Dataset and Analysis,"Dawid Wisniewski, Jedrzej Potoniec, Agnieszka Lawrynowicz, C. Maria Keet",http://arxiv.org/abs/1811.09529v1,,,2018-11-23T16:00:51,2026-09-10T19:42:34.175603
1.0,RESEARCH_PAPER,Stochastic Gradient Descent Optimizes Over-parameterized Deep ReLU Networks,"Difan Zou, Yuan Cao, Dongruo Zhou, Quanquan Gu",http://arxiv.org/abs/1811.08888v3,,,2018-11-21T18:58:46,2026-09-10T19:42:34.175652
1.0,RESEARCH_PAPER,Improving Grey-Box Fuzzing by Modeling Program Behavior,"Siddharth Karamcheti, Gideon Mann, David Rosenberg",http://arxiv.org/abs/1811.08973v1,,,2018-11-21T23:34:57,2026-09-10T19:42:34.175701
1.0,RESEARCH_PAPER,A Factorial Mixture Prior for Compositional Deep Generative Models,"Ulrich Paquet, Sumedh K. Ghaisas, Olivier Tieleman",http://arxiv.org/abs/1812.07480v1,,,2018-12-18T16:59:23,2026-09-10T19:42:34.175851
1.0,RESEARCH_PAPER,NIPS - Not Even Wrong? A Systematic Review of Empirically Complete Demonstrations of Algorithmic Effectiveness in the Machine Learning and Artificial Intelligence Literature,"Franz J Király, Bilal Mateen, Raphael Sonabend",http://arxiv.org/abs/1812.07519v1,,,2018-12-18T17:32:39,2026-09-10T19:42:34.175944
1.0,RESEARCH_PAPER,Universal Successor Features Approximators,"Diana Borsa, André Barreto, John Quan, Daniel Mankowitz, Rémi Munos, Hado van Hasselt, David Silver, Tom Schaul",http://arxiv.org/abs/1812.07626v1,,,2018-12-18T20:01:41,2026-09-10T19:42:34.176005
1.0,RESEARCH_PAPER,TechKG: A Large-Scale Chinese Technology-Oriented Knowledge Graph,"Feiliang Ren, Yining Hou, Yan Li, Linfeng Pan, Yi Zhang, Xiaobo Liang, Yongkang Liu, Yu Guo, Rongsheng Zhao, Ruicheng Ming, Huiming Wu",http://arxiv.org/abs/1812.06722v1,,,2018-12-17T11:59:53,2026-09-10T19:42:34.176059
1.0,RESEARCH_PAPER,The limit of artificial intelligence: Can machines be rational?,Tshilidzi Marwala,http://arxiv.org/abs/1812.06510v1,,,2018-12-16T17:57:16,2026-09-10T19:42:34.176112
1.0,RESEARCH_PAPER,Towards Ophthalmologist Level Accurate Deep Learning System for OCT Screening and Diagnosis,Mrinal Haloi,http://arxiv.org/abs/1812.07105v1,,,2018-12-12T14:42:10,2026-09-10T19:42:34.176211
1.0,RESEARCH_PAPER,Searching with Consistent Prioritization for Multi-Agent Path Finding,"Hang Ma, Daniel Harabor, Peter J. Stuckey, Jiaoyang Li, Sven Koenig",http://arxiv.org/abs/1812.06356v1,,,2018-12-15T21:00:17,2026-09-10T19:42:34.176262
1.0,RESEARCH_PAPER,Embedding Push and Pull Search in the Framework of Differential Evolution for Solving Constrained Single-objective Optimization Problems,"Zhun Fan, Wenji Li, Zhaojun Wang, Yutong Yuan, Fuzan Sun, Zhi Yang, Jie Ruan, Zhaocheng Li, Erik Goodman",http://arxiv.org/abs/1812.06381v1,,,2018-12-16T02:52:31,2026-09-10T19:42:34.176315
1.0,RESEARCH_PAPER,NSCaching: Simple and Efficient Negative Sampling for Knowledge Graph Embedding,"Yongqi Zhang, Quanming Yao, Yingxia Shao, Lei Chen",http://arxiv.org/abs/1812.06410v2,,,2018-12-16T07:32:02,2026-09-10T19:42:34.176369
1.0,RESEARCH_PAPER,Ensemble of Learning Project Productivity in Software Effort Based on Use Case Points,"Mohammad Azzeh, Ali Bou Nassif, Shadi Banitaan, Cuauhtemoc Lopez-Martin",http://arxiv.org/abs/1812.06459v1,,,2018-12-16T13:15:26,2026-09-10T19:42:34.176421
1.0,RESEARCH_PAPER,On Generality and Knowledge Transferability in Cross-Domain Duplicate Question Detection for Heterogeneous Community Question Answering,"Mohomed Shazan Mohomed Jabbar, Luke Kumar, Hamman Samuel, Mi-Young Kim, Sankalp Prabhakar, Randy Goebel, Osmar Zaïane",http://arxiv.org/abs/1811.06596v1,,,2018-11-15T21:29:26,2026-09-10T19:42:34.176475
1.0,RESEARCH_PAPER,Learning Features and Abstract Actions for Computing Generalized Plans,"Blai Bonet, Guillem Francès, Hector Geffner",http://arxiv.org/abs/1811.07231v1,,,2018-11-17T22:05:04,2026-09-10T19:42:34.176532
1.0,RESEARCH_PAPER,Robust cross-domain disfluency detection with pattern match networks,"Vicky Zayats, Mari Ostendorf",http://arxiv.org/abs/1811.07236v1,,,2018-11-17T22:34:20,2026-09-10T19:42:34.176582
1.0,RESEARCH_PAPER,Feature selection as Monte-Carlo Search in Growing Single Rooted Directed Acyclic Graph by Best Leaf Identification,"Aurelien Pelissier, Atsuyoshi Nakamura, Koji Tabata",http://arxiv.org/abs/1811.07531v2,,,2018-11-19T07:29:51,2026-09-10T19:42:34.176635
1.0,RESEARCH_PAPER,Contributors profile modelization in crowdsourcing platforms,"Constance Thierry, Jean-Christophe Dubois, Yolande Le Gall, Arnaud Martin",http://arxiv.org/abs/1811.07536v1,,,2018-11-19T07:51:25,2026-09-10T19:42:34.176689
1.0,RESEARCH_PAPER,Switch-based Active Deep Dyna-Q: Efficient Adaptive Planning for Task-Completion Dialogue Policy Learning,"Yuexin Wu, Xiujun Li, Jingjing Liu, Jianfeng Gao, Yiming Yang",http://arxiv.org/abs/1811.07550v1,,,2018-11-19T08:23:34,2026-09-10T19:42:34.176740
1.0,RESEARCH_PAPER,"A Trustworthy, Responsible and Interpretable System to Handle Chit Chat in Conversational Bots","Parag Agrawal, Anshuman Suri, Tulasi Menon",http://arxiv.org/abs/1811.07600v2,,,2018-11-19T10:45:13,2026-09-10T19:42:34.176792
1.0,RESEARCH_PAPER,Implementing a Portable Clinical NLP System with a Common Data Model - a Lisp Perspective,"Yuan Luo, Peter Szolovits",http://arxiv.org/abs/1811.06179v1,,,2018-11-15T04:58:21,2026-09-10T19:42:34.176842
1.0,RESEARCH_PAPER,From Videos to URLs: A Multi-Browser Guide To Extract User's Behavior with Optical Character Recognition,"Mojtaba Heidarysafa, James Reed, Kamran Kowsari, April Celeste R. Leviton, Janet I. Warren, Donald E. Brown",http://arxiv.org/abs/1811.06193v2,,,2018-11-15T05:59:05,2026-09-10T19:42:34.176893
1.0,RESEARCH_PAPER,More Effective Ontology Authoring with Test-Driven Development,"C. Maria Keet, Kieren Davies, Agnieszka Lawrynowicz",http://arxiv.org/abs/1812.06015v1,,,2018-12-14T16:47:03,2026-09-10T19:42:34.176947
1.0,RESEARCH_PAPER,Informing Artificial Intelligence Generative Techniques using Cognitive Theories of Human Creativity,"Steve DiPaola, Liane Gabora, Graeme McCaig",http://arxiv.org/abs/1812.05556v2,,,2018-12-11T18:12:44,2026-09-10T19:42:34.176996
1.0,RESEARCH_PAPER,Soft Actor-Critic Algorithms and Applications,"Tuomas Haarnoja, Aurick Zhou, Kristian Hartikainen, George Tucker, Sehoon Ha, Jie Tan, Vikash Kumar, Henry Zhu, Abhishek Gupta, Pieter Abbeel, Sergey Levine",http://arxiv.org/abs/1812.05905v2,,,2018-12-13T04:44:29,2026-09-10T19:42:34.177050
1.0,RESEARCH_PAPER,Bootstrapping Conversational Agents With Weak Supervision,"Neil Mallinar, Abhishek Shah, Rajendra Ugrani, Ayush Gupta, Manikandan Gurusankar, Tin Kam Ho, Q. Vera Liao, Yunfeng Zhang, Rachel K. E. Bellamy, Robert Yates, Chris Desmarais, Blake McGregor",http://arxiv.org/abs/1812.06176v1,,,2018-12-14T21:32:40,2026-09-10T19:42:34.177102
1.0,RESEARCH_PAPER,Conditional Graph Neural Processes: A Functional Autoencoder Approach,"Marcel Nassar, Xin Wang, Evren Tumer",http://arxiv.org/abs/1812.05212v1,,,2018-12-13T00:52:56,2026-09-10T19:42:34.177154
1.0,RESEARCH_PAPER,Interpreting Winograd Schemas Via the SP Theory of Intelligence and Its Realisation in the SP Computer Model,J Gerard Wolff,http://arxiv.org/abs/1810.04554v1,,,2018-10-09T08:30:44,2026-09-10T19:42:34.177206
1.0,RESEARCH_PAPER,Towards Differentially Private Truth Discovery for Crowd Sensing Systems,"Yaliang Li, Houping Xiao, Zhan Qin, Chenglin Miao, Lu Su, Jing Gao, Kui Ren, Bolin Ding",http://arxiv.org/abs/1810.04760v1,,,2018-10-10T22:02:11,2026-09-10T19:42:34.177258
1.0,RESEARCH_PAPER,The IFF Foundation for Ontological Knowledge Organization,Robert E. Kent,http://arxiv.org/abs/1810.04773v1,,,2018-10-10T23:12:01,2026-09-10T19:42:35.761116
1.0,RESEARCH_PAPER,Dynamic Difficulty Awareness Training for Continuous Emotion Prediction,"Zixing Zhang, Jing Han, Eduardo Coutinho, Björn Schuller",http://arxiv.org/abs/1810.05507v1,,,2018-09-26T07:30:52,2026-09-10T19:42:35.761220
1.0,RESEARCH_PAPER,Fast Construction of Correcting Ensembles for Legacy Artificial Intelligence Systems: Algorithms and a Case Study,"Ivan Y. Tyukin, Alexander N. Gorban, Stephen Green, Danil Prokhorov",http://arxiv.org/abs/1810.05593v2,,,2018-10-12T16:14:29,2026-09-10T19:42:35.761303
1.0,RESEARCH_PAPER,Universal Marginalizer for Amortised Inference and Embedding of Generative Models,"Robert Walecki, Albert Buchard, Kostis Gourgoulias, Chris Hart, Maria Lomeli, A. K. W. Navarro, Max Zwiessele, Yura Perov, Saurabh Johri",http://arxiv.org/abs/1811.04727v1,,,2018-11-12T13:55:15,2026-09-10T19:42:35.761383
1.0,RESEARCH_PAPER,Emergence of Addictive Behaviors in Reinforcement Learning Agents,"Vahid Behzadan, Roman V. Yampolskiy, Arslan Munir",http://arxiv.org/abs/1811.05590v1,,,2018-11-14T01:30:00,2026-09-10T19:42:35.761458
1.0,RESEARCH_PAPER,An Introduction to Fuzzy & Annotated Semantic Web Languages,Umberto Straccia,http://arxiv.org/abs/1811.05724v1,,,2018-11-14T11:02:55,2026-09-10T19:42:35.761530
1.0,RESEARCH_PAPER,Argumentation for Explainable Scheduling (Full Paper with Proofs),"Kristijonas Čyras, Dimitrios Letsios, Ruth Misener, Francesca Toni",http://arxiv.org/abs/1811.05437v2,,,2018-11-13T18:04:26,2026-09-10T19:42:35.761840
1.0,RESEARCH_PAPER,ProstateGAN: Mitigating Data Bias via Prostate Diffusion Imaging Synthesis with Generative Adversarial Networks,"Xiaodan Hu, Audrey G. Chung, Paul Fieguth, Farzad Khalvati, Masoom A. Haider, Alexander Wong",http://arxiv.org/abs/1811.05817v2,,,2018-11-14T14:44:42,2026-09-10T19:42:35.761948
1.0,RESEARCH_PAPER,Finding All Bayesian Network Structures within a Factor of Optimal,"Zhenyu A. Liao, Charupriya Sharma, James Cussens, Peter van Beek",http://arxiv.org/abs/1811.05039v1,,,2018-11-12T23:19:51,2026-09-10T19:42:35.762054
1.0,RESEARCH_PAPER,Deep Neural Network Augmentation: Generating Faces for Affect Analysis,"Dimitrios Kollias, Shiyang Cheng, Evangelos Ververas, Irene Kotsia, Stefanos Zafeiriou",http://arxiv.org/abs/1811.05027v2,,,2018-11-12T22:42:40,2026-09-10T19:42:35.762132
1.0,RESEARCH_PAPER,Anomaly Detection using Autoencoders in High Performance Computing Systems,"Andrea Borghesi, Andrea Bartolini, Michele Lombardi, Michela Milano, Luca Benini",http://arxiv.org/abs/1811.05269v1,,,2018-11-13T13:08:47,2026-09-10T19:42:35.762205
1.0,RESEARCH_PAPER,Benchmarking datasets for Anomaly-based Network Intrusion Detection: KDD CUP 99 alternatives,"Abhishek Divekar, Meet Parekh, Vaibhav Savla, Rudra Mishra, Mahesh Shirole",http://arxiv.org/abs/1811.05372v1,,,2018-11-13T15:49:54,2026-09-10T19:42:35.762275
1.0,RESEARCH_PAPER,Reimplementation and Reinterpretation of the Copycat Project,Hongyi Huang,http://arxiv.org/abs/1811.04747v1,,,2018-10-26T00:55:45,2026-09-10T19:42:35.762315
1.0,RESEARCH_PAPER,OWA aggregation of multi-criteria with mixed uncertain fuzzy satisfactions,"Yunjuan Wang, Yong Deng",http://arxiv.org/abs/1901.09784v1,,,2019-01-24T01:20:27,2026-09-10T19:42:35.762343
1.0,RESEARCH_PAPER,Practical Algorithms for Multi-Stage Voting Rules with Parallel Universes Tiebreaking,"Jun Wang, Sujoy Sikdar, Tyler Shepherd, Zhibing Zhao, Chunheng Jiang, Lirong Xia",http://arxiv.org/abs/1901.09791v1,,,2019-01-16T21:41:39,2026-09-10T19:42:35.762370
1.0,RESEARCH_PAPER,Investigating Recurrent Neural Network Memory Structures using Neuro-Evolution,"Alexander Ororbia, Ahmed Ahmed Elsaid, Travis Desell",http://arxiv.org/abs/1902.02390v2,,,2019-02-06T20:33:12,2026-09-10T19:42:35.762399
1.0,RESEARCH_PAPER,Identity Crisis: Memorization and Generalization under Extreme Overparameterization,"Chiyuan Zhang, Samy Bengio, Moritz Hardt, Michael C. Mozer, Yoram Singer",http://arxiv.org/abs/1902.04698v4,,,2019-02-13T01:45:30,2026-09-10T19:42:35.762425
1.0,RESEARCH_PAPER,NAIL: A General Interactive Fiction Agent,"Matthew Hausknecht, Ricky Loynd, Greg Yang, Adith Swaminathan, Jason D. Williams",http://arxiv.org/abs/1902.04259v2,,,2019-02-12T06:58:31,2026-09-10T19:42:35.762452
1.0,RESEARCH_PAPER,Towards Self-Supervised High Level Sensor Fusion,"Qadeer Khan, Torsten Schön, Patrick Wenzel",http://arxiv.org/abs/1902.04272v1,,,2019-02-12T07:53:55,2026-09-10T19:42:35.762478
1.0,RESEARCH_PAPER,Evaluating Older Users' Experiences with Commercial Dialogue Systems: Implications for Future Design and Development,"Libby Ferland, Thomas Huffstutler, Jacob Rice, Joan Zheng, Shi Ni, Maria Gini",http://arxiv.org/abs/1902.04393v1,,,2019-01-30T00:21:30,2026-09-10T19:42:35.762505
1.0,RESEARCH_PAPER,Estimating the Circuit Deobfuscating Runtime based on Graph Deep Learning,"Zhiqian Chen, Gaurav Kolhe, Setareh Rafatirad, Sai Manoj P. D., Houman Homayoun, Liang Zhao, Chang-Tien Lu",http://arxiv.org/abs/1902.05357v2,,,2019-02-14T13:57:11,2026-09-10T19:42:35.762532
1.0,RESEARCH_PAPER,Optimization problems with low SWaP tactical Computing,"Mee Seong Im, Venkat R. Dasari, Lubjana Beshaj, Dale Shires",http://arxiv.org/abs/1902.05070v1,,,2019-02-13T11:17:43,2026-09-10T19:42:35.762558
1.0,RESEARCH_PAPER,Building an Affordances Map with Interactive Perception,"Leni K. Le Goff, Oussama Yaakoubi, Alexandre Coninx, Stephane Doncieux",http://arxiv.org/abs/1903.04413v1,,,2019-03-11T16:24:04,2026-09-10T19:42:35.762585
1.0,RESEARCH_PAPER,A study of problems with multiple interdependent components - Part I,Mohamed El Yafrani,http://arxiv.org/abs/1903.03557v2,,,2019-03-01T19:45:39,2026-09-10T19:42:35.762611
1.0,RESEARCH_PAPER,Towards Time-Aware Distant Supervision for Relation Extraction,"Tianwen Jiang, Sendong Zhao, Jing Liu, Jin-Ge Yao, Ming Liu, Bing Qin, Ting Liu, Chin-Yew Lin",http://arxiv.org/abs/1903.03289v1,,,2019-03-08T05:10:00,2026-09-10T19:42:35.762637
1.0,RESEARCH_PAPER,Let's Play Mahjong!,"Sanjiang Li, Xueqing Yan",http://arxiv.org/abs/1903.03294v1,,,2019-03-08T05:43:21,2026-09-10T19:42:35.762666
1.0,RESEARCH_PAPER,"Heuristics, Answer Set Programming and Markov Decision Process for Solving a Set of Spatial Puzzles","Thiago Freitas dos Santos, Paulo E. Santos, Leonardo A. Ferreira, Reinaldo A. C. Bianchi, Pedro Cabalar",http://arxiv.org/abs/1903.03411v1,,,2019-02-16T01:18:29,2026-09-10T19:42:35.762702
1.0,RESEARCH_PAPER,Hybrid Reinforcement Learning with Expert State Sequences,"Xiaoxiao Guo, Shiyu Chang, Mo Yu, Gerald Tesauro, Murray Campbell",http://arxiv.org/abs/1903.04110v1,,,2019-03-11T03:28:13,2026-09-10T19:42:35.762729
1.0,RESEARCH_PAPER,Learning to Infer Program Sketches,"Maxwell Nye, Luke Hewitt, Joshua Tenenbaum, Armando Solar-Lezama",http://arxiv.org/abs/1902.06349v2,,,2019-02-17T23:21:34,2026-09-10T19:42:35.762755
1.0,RESEARCH_PAPER,SCEF: A Support-Confidence-aware Embedding Framework for Knowledge Graph Refinement,"Yu Zhao, Ji Liu",http://arxiv.org/abs/1902.06377v2,,,2019-02-18T02:00:23,2026-09-10T19:42:35.762781
1.0,RESEARCH_PAPER,Message-Dropout: An Efficient Training Method for Multi-Agent Deep Reinforcement Learning,"Woojun Kim, Myungsik Cho, Youngchul Sung",http://arxiv.org/abs/1902.06527v1,,,2019-02-18T11:40:29,2026-09-10T19:42:35.762806
1.0,RESEARCH_PAPER,Limited Lookahead in Imperfect-Information Games,"Christian Kroer, Tuomas Sandholm",http://arxiv.org/abs/1902.06335v2,,,2019-02-17T21:50:05,2026-09-10T19:42:35.762832
1.0,RESEARCH_PAPER,Integrating Artificial and Human Intelligence for Efficient Translation,"Nico Herbig, Santanu Pal, Josef van Genabith, Antonio Krüger",http://arxiv.org/abs/1903.02978v1,,,2019-03-07T15:14:42,2026-09-10T19:42:35.762858
1.0,RESEARCH_PAPER,Dealing with Qualitative and Quantitative Features in Legal Domains,"Maximiliano C. D. Budán, María Laura Cobo, Diego I. Martínez, Antonino Rotolo",http://arxiv.org/abs/1903.01966v1,,,2019-03-05T18:18:41,2026-09-10T19:42:35.762883
1.0,RESEARCH_PAPER,Learning a Lattice Planner Control Set for Autonomous Vehicles,"Ryan De Iaco, Stephen L. Smith, Krzysztof Czarnecki",http://arxiv.org/abs/1903.02044v2,,,2019-03-05T20:36:03,2026-09-10T19:42:35.762911
1.0,RESEARCH_PAPER,Size of Interventional Markov Equivalence Classes in Random DAG Models,"Dmitriy Katz, Karthikeyan Shanmugam, Chandler Squires, Caroline Uhler",http://arxiv.org/abs/1903.02054v1,,,2019-03-05T21:09:37,2026-09-10T19:42:35.762937
1.0,RESEARCH_PAPER,Deep Random Splines for Point Process Intensity Estimation of Neural Population Data,"Gabriel Loaiza-Ganem, Sean M. Perkins, Karen E. Schroeder, Mark M. Churchland, John P. Cunningham",http://arxiv.org/abs/1903.02610v6,,,2019-03-06T21:01:03,2026-09-10T19:42:35.762963
1.0,RESEARCH_PAPER,CLEVR-Dialog: A Diagnostic Dataset for Multi-Round Reasoning in Visual Dialog,"Satwik Kottur, José M. F. Moura, Devi Parikh, Dhruv Batra, Marcus Rohrbach",http://arxiv.org/abs/1903.03166v2,,,2019-03-07T20:18:39,2026-09-10T19:42:35.762989
1.0,RESEARCH_PAPER,MinAtar: An Atari-Inspired Testbed for Thorough and Reproducible Reinforcement Learning Experiments,"Kenny Young, Tian Tian",http://arxiv.org/abs/1903.03176v2,,,2019-03-07T20:34:36,2026-09-10T19:42:35.763014
1.0,RESEARCH_PAPER,Learning Hierarchical Teaching Policies for Cooperative Agents,"Dong-Ki Kim, Miao Liu, Shayegan Omidshafiei, Sebastian Lopez-Cot, Matthew Riemer, Golnaz Habibi, Gerald Tesauro, Sami Mourad, Murray Campbell, Jonathan P. How",http://arxiv.org/abs/1903.03216v6,,,2019-03-07T23:12:30,2026-09-10T19:42:35.763041
1.0,RESEARCH_PAPER,Pixel-Attentive Policy Gradient for Multi-Fingered Grasping in Cluttered Scenes,"Bohan Wu, Iretiayo Akinola, Peter K. Allen",http://arxiv.org/abs/1903.03227v4,,,2019-03-08T00:26:57,2026-09-10T19:42:35.763067
1.0,RESEARCH_PAPER,Persona-Aware Tips Generation,"Piji Li, Zihao Wang, Lidong Bing, Wai Lam",http://arxiv.org/abs/1903.02156v2,,,2019-03-06T03:36:29,2026-09-10T19:42:35.763092
1.0,RESEARCH_PAPER,"Synthesizing Chemical Plant Operation Procedures using Knowledge, Dynamic Simulation and Deep Reinforcement Learning","Shumpei Kubosawa, Takashi Onishi, Yoshimasa Tsuruoka",http://arxiv.org/abs/1903.02183v1,,,2019-03-06T05:44:15,2026-09-10T19:42:35.763118
1.0,RESEARCH_PAPER,Latent Space Reinforcement Learning for Steering Angle Prediction,"Qadeer Khan, Torsten Schön, Patrick Wenzel",http://arxiv.org/abs/1902.03765v1,,,2019-02-11T08:14:34,2026-09-10T19:42:35.763144
1.0,RESEARCH_PAPER,"Ask Not What AI Can Do, But What AI Should Do: Towards a Framework of Task Delegability","Brian Lubars, Chenhao Tan",http://arxiv.org/abs/1902.03245v2,,,2019-02-08T19:00:02,2026-09-10T19:42:35.763170
1.0,RESEARCH_PAPER,Measuring Patient Similarities via a Deep Architecture with Medical Concept Embedding,"Zihao Zhu, Changchang Yin, Buyue Qian, Yu Cheng, Jishang Wei, Fei Wang",http://arxiv.org/abs/1902.03376v1,,,2019-02-09T05:36:18,2026-09-10T19:42:35.763195
1.0,RESEARCH_PAPER,The Long and the Short of It: Summarising Event Sequences with Serial Episodes,"Nikolaj Tatti, Jilles Vreeken",http://arxiv.org/abs/1902.02834v1,,,2019-02-07T20:25:50,2026-09-10T19:42:35.763221
1.0,RESEARCH_PAPER,Modeling Heterogeneity in Mode-Switching Behavior Under a Mobility-on-Demand Transit System: An Interpretable Machine Learning Approach,"Xilei Zhao, Xiang Yan, Pascal Van Hentenryck",http://arxiv.org/abs/1902.02904v1,,,2019-02-08T01:15:09,2026-09-10T19:42:35.763247
1.0,RESEARCH_PAPER,Mobile Artificial Intelligence Technology for Detecting Macula Edema and Subretinal Fluid on OCT Scans: Initial Results from the DATUM alpha Study,"Stephen G. Odaibo, Mikelson MomPremier, Richard Y. Hwang, Salman J. Yousuf, Steven L. Williams, Joshua Grant",http://arxiv.org/abs/1902.02905v2,,,2019-02-08T01:15:23,2026-09-10T19:42:35.763274
1.0,RESEARCH_PAPER,Towards a Characterization of Explainable Systems,"Dimitri Bohlender, Maximilian A. Köhl",http://arxiv.org/abs/1902.03096v1,,,2019-01-31T01:00:11,2026-09-10T19:42:35.763299
1.0,RESEARCH_PAPER,Bounded Fuzzy Possibilistic Method,Hossein Yazdani,http://arxiv.org/abs/1902.03127v1,,,2019-02-08T14:53:59,2026-09-10T19:42:35.763324
1.0,RESEARCH_PAPER,3D Hand Shape and Pose from Images in the Wild,"Adnane Boukhayma, Rodrigo de Bem, Philip H. S. Torr",http://arxiv.org/abs/1902.03451v1,,,2019-02-09T17:30:16,2026-09-10T19:42:35.763349
1.0,RESEARCH_PAPER,Simulating extrapolated dynamics with parameterization networks,James P. L. Tan,http://arxiv.org/abs/1902.03440v1,,,2019-02-09T16:37:34,2026-09-10T19:42:35.763381
1.0,RESEARCH_PAPER,Private Center Points and Learning of Halfspaces,"Amos Beimel, Shay Moran, Kobbi Nissim, Uri Stemmer",http://arxiv.org/abs/1902.10731v1,,,2019-02-27T19:06:12,2026-09-10T19:42:35.763430
1.0,RESEARCH_PAPER,Learning Task Knowledge and its Scope of Applicability in Experience-Based Planning Domains,"Vahid Mokhtari, Luis Seabra Lopes, Armando Pinho, Roman Manevich",http://arxiv.org/abs/1902.10770v2,,,2019-02-27T20:32:29,2026-09-10T19:42:35.763489
1.0,RESEARCH_PAPER,"Technical report of ""Empirical Study on Human Evaluation of Complex Argumentation Frameworks""","Marcos Cramer, Mathieu Guillaume",http://arxiv.org/abs/1902.10552v1,,,2019-02-27T14:29:34,2026-09-10T19:42:35.763548
1.0,RESEARCH_PAPER,Unifying Ensemble Methods for Q-learning via Social Choice Theory,"Rishav Chourasia, Adish Singla",http://arxiv.org/abs/1902.10646v2,,,2019-02-27T17:27:30,2026-09-10T19:42:35.763607
1.0,RESEARCH_PAPER,Bridging the Gap: Attending to Discontinuity in Identification of Multiword Expressions,"Omid Rohanian, Shiva Taslimipoor, Samaneh Kouchaki, Le An Ha, Ruslan Mitkov",http://arxiv.org/abs/1902.10667v2,,,2019-02-27T18:01:53,2026-09-10T19:42:35.763667
1.0,RESEARCH_PAPER,Learning to See the Wood for the Trees: Deep Laser Localization in Urban and Natural Environments on a CPU,"Georgi Tinchev, Adrian Penate-Sanchez, Maurice Fallon",http://arxiv.org/abs/1902.10194v1,,,2019-02-26T20:13:14,2026-09-10T19:42:35.763726
1.0,RESEARCH_PAPER,Constraint Satisfaction Propagation: Non-stationary Policy Synthesis for Temporal Logic Planning,"Thomas J. Ringstrom, Paul R. Schrater",http://arxiv.org/abs/1901.10405v3,,,2019-01-29T17:19:06,2026-09-10T19:42:35.763787
1.0,RESEARCH_PAPER,Decoder-tailored Polar Code Design Using the Genetic Algorithm,"Ahmed Elkelesh, Moustafa Ebada, Sebastian Cammerer, Stephan ten Brink",http://arxiv.org/abs/1901.10464v1,,,2019-01-28T22:10:40,2026-09-10T19:42:35.763846
1.0,RESEARCH_PAPER,The Efficacy of SHIELD under Different Threat Models,"Cory Cornelius, Nilaksh Das, Shang-Tse Chen, Li Chen, Michael E. Kounavis, Duen Horng Chau",http://arxiv.org/abs/1902.00541v2,,,2019-02-01T20:10:12,2026-09-10T19:42:35.763924
1.0,RESEARCH_PAPER,Progressive Explanation Generation for Human-robot Teaming,"Yu Zhang, Mehrdad Zakershahrak",http://arxiv.org/abs/1902.00604v1,,,2019-02-02T01:02:59,2026-09-10T19:42:35.763983
1.0,RESEARCH_PAPER,Online Meta-Learning,"Chelsea Finn, Aravind Rajeswaran, Sham Kakade, Sergey Levine",http://arxiv.org/abs/1902.08438v4,,,2019-02-22T11:20:42,2026-09-10T19:42:35.764071
1.0,RESEARCH_PAPER,Generalized Intersection over Union: A Metric and A Loss for Bounding Box Regression,"Hamid Rezatofighi, Nathan Tsoi, JunYoung Gwak, Amir Sadeghian, Ian Reid, Silvio Savarese",http://arxiv.org/abs/1902.09630v2,,,2019-02-25T21:47:33,2026-09-10T19:42:35.764136
1.0,RESEARCH_PAPER,Beyond the Self: Using Grounded Affordances to Interpret and Describe Others' Actions,"Giovanni Saponaro, Lorenzo Jamone, Alexandre Bernardino, Giampiero Salvi",http://arxiv.org/abs/1902.09705v1,,,2019-02-26T02:14:10,2026-09-10T19:42:35.764197
1.0,RESEARCH_PAPER,Community-based 3-SAT Formulas with a Predefined Solution,"Yamin Hu, Wenjian Luo, Junteng Wang",http://arxiv.org/abs/1902.09706v1,,,2019-02-26T02:16:30,2026-09-10T19:42:35.764257
1.0,RESEARCH_PAPER,Can Meta-Interpretive Learning outperform Deep Reinforcement Learning of Evaluable Game strategies?,"Céline Hocquette, Stephen H. Muggleton",http://arxiv.org/abs/1902.09835v1,,,2019-02-26T10:04:19,2026-09-10T19:42:35.764320
1.0,RESEARCH_PAPER,Transfer Learning for Sequences via Learning to Collocate,"Wanyun Cui, Guangyu Zheng, Zhiqiang Shen, Sihang Jiang, Wei Wang",http://arxiv.org/abs/1902.09092v1,,,2019-02-25T05:04:11,2026-09-10T19:42:35.764376
1.0,RESEARCH_PAPER,Saliency Learning: Teaching the Model Where to Pay Attention,"Reza Ghaeini, Xiaoli Z. Fern, Hamed Shahbazi, Prasad Tadepalli",http://arxiv.org/abs/1902.08649v3,,,2019-02-22T19:38:36,2026-09-10T19:42:35.764432
1.0,RESEARCH_PAPER,A Convex Relaxation Barrier to Tight Robustness Verification of Neural Networks,"Hadi Salman, Greg Yang, Huan Zhang, Cho-Jui Hsieh, Pengchuan Zhang",http://arxiv.org/abs/1902.08722v5,,,2019-02-23T03:01:51,2026-09-10T19:42:35.764487
1.0,RESEARCH_PAPER,"Liability, Ethics, and Culture-Aware Behavior Specification using Rulebooks","Andrea Censi, Konstantin Slutsky, Tichakorn Wongpiromsarn, Dmitry Yershov, Scott Pendleton, James Fu, Emilio Frazzoli",http://arxiv.org/abs/1902.09355v2,,,2019-02-25T15:17:15,2026-09-10T19:42:35.764542
1.0,RESEARCH_PAPER,Real-Time Steganalysis for Stream Media Based on Multi-channel Convolutional Sliding Windows,"Zhongliang Yang, Hao Yang, Yuting Hu, Yongfeng Huang, Yu-Jin Zhang",http://arxiv.org/abs/1902.01286v1,,,2019-02-04T16:23:56,2026-09-10T19:42:35.764596
1.0,RESEARCH_PAPER,"Obstacle Tower: A Generalization Challenge in Vision, Control, and Planning","Arthur Juliani, Ahmed Khalifa, Vincent-Pierre Berges, Jonathan Harper, Ervin Teng, Hunter Henry, Adam Crespi, Julian Togelius, Danny Lange",http://arxiv.org/abs/1902.01378v2,,,2019-02-04T18:45:46,2026-09-10T19:42:35.764652
1.0,RESEARCH_PAPER,Text line Segmentation in Compressed Representation of Handwritten Document using Tunneling Algorithm,"Amarnath R, P Nagabhushan",http://arxiv.org/abs/1901.11477v1,,,2019-01-03T05:19:38,2026-09-10T19:42:35.764707
1.0,RESEARCH_PAPER,"How to ""DODGE"" Complex Software Analytics?","Amritanshu Agrawal, Wei Fu, Di Chen, Xipeng Shen, Tim Menzies",http://arxiv.org/abs/1902.01838v2,,,2019-02-05T18:16:56,2026-09-10T19:42:35.764767
1.0,RESEARCH_PAPER,Latent Space Cartography: Generalised Metric-Inspired Measures and Measure-Based Transformations for Generative Models,"Max F. Frenzel, Bogdan Teleaga, Asahi Ushio",http://arxiv.org/abs/1902.02113v1,,,2019-02-06T11:15:08,2026-09-10T19:42:35.764824
1.0,RESEARCH_PAPER,The Regretful Agent: Heuristic-Aided Navigation through Progress Estimation,"Chih-Yao Ma, Zuxuan Wu, Ghassan AlRegib, Caiming Xiong, Zsolt Kira",http://arxiv.org/abs/1903.01602v1,,,2019-03-05T00:17:12,2026-09-10T19:42:35.764880
1.0,RESEARCH_PAPER,A Strongly Asymptotically Optimal Agent in General Environments,"Michael K. Cohen, Elliot Catt, Marcus Hutter",http://arxiv.org/abs/1903.01021v2,,,2019-03-04T00:02:58,2026-09-10T19:42:35.764935
1.0,RESEARCH_PAPER,Lexicographically Ordered Multi-Objective Clustering,"Sainyam Galhotra, Sandhya Saisubramanian, Shlomo Zilberstein",http://arxiv.org/abs/1903.00750v1,,,2019-03-02T19:32:00,2026-09-10T19:42:35.764990
1.0,RESEARCH_PAPER,Label Efficient Semi-Supervised Learning via Graph Filtering,"Qimai Li, Xiao-Ming Wu, Han Liu, Xiaotong Zhang, Zhichao Guan",http://arxiv.org/abs/1901.09993v3,,,2019-01-28T20:45:27,2026-09-10T19:42:35.765045
1.0,RESEARCH_PAPER,Knowledge Refinement via Rule Selection,"Phokion G. Kolaitis, Lucian Popa, Kun Qian",http://arxiv.org/abs/1901.10051v1,,,2019-01-29T00:37:24,2026-09-10T19:42:35.765083
1.0,RESEARCH_PAPER,The informal semantics of Answer Set Programming: A Tarskian perspective,"Marc Denecker, Yuliya Lierler, Miroslaw truszczynski, Joost Vennekens",http://arxiv.org/abs/1901.09125v1,,,2019-01-26T00:24:22,2026-09-10T19:42:35.765110
1.0,RESEARCH_PAPER,Imitation Learning from Imperfect Demonstration,"Yueh-Hua Wu, Nontawat Charoenphakdee, Han Bao, Voot Tangkaratt, Masashi Sugiyama",http://arxiv.org/abs/1901.09387v3,,,2019-01-27T14:42:53,2026-09-10T19:42:35.765137
1.0,RESEARCH_PAPER,Combinational Q-Learning for Dou Di Zhu,"Yang You, Liangwei Li, Baisong Guo, Weiming Wang, Cewu Lu",http://arxiv.org/abs/1901.08925v2,,,2019-01-24T08:28:04,2026-09-10T19:42:35.765166
1.0,RESEARCH_PAPER,Deep Archetypal Analysis,"Sebastian Mathias Keller, Maxim Samarin, Mario Wieser, Volker Roth",http://arxiv.org/abs/1901.10799v2,,,2019-01-30T13:04:53,2026-09-10T19:42:35.765193
1.0,RESEARCH_PAPER,Stable and Fair Classification,"Lingxiao Huang, Nisheeth K. Vishnoi",http://arxiv.org/abs/1902.07823v4,,,2019-02-21T00:56:14,2026-09-10T19:42:35.765219
1.0,RESEARCH_PAPER,LOSSGRAD: automatic learning rate in gradient descent,"Bartosz Wójcik, Łukasz Maziarka, Jacek Tabor",http://arxiv.org/abs/1902.07656v1,,,2019-02-20T17:11:17,2026-09-10T19:42:35.765245
1.0,RESEARCH_PAPER,Learning to Generalize from Sparse and Underspecified Rewards,"Rishabh Agarwal, Chen Liang, Dale Schuurmans, Mohammad Norouzi",http://arxiv.org/abs/1902.07198v4,,,2019-02-19T18:51:10,2026-09-10T19:42:35.765271
1.0,RESEARCH_PAPER,Computing Approximate Equilibria in Sequential Adversarial Games by Exploitability Descent,"Edward Lockhart, Marc Lanctot, Julien Pérolat, Jean-Baptiste Lespiau, Dustin Morrill, Finbarr Timbers, Karl Tuyls",http://arxiv.org/abs/1903.05614v4,,,2019-03-13T17:27:04,2026-09-10T19:42:35.765298
1.0,RESEARCH_PAPER,Simulating Emergent Properties of Human Driving Behavior Using Multi-Agent Reward Augmented Imitation Learning,"Raunak P. Bhattacharyya, Derek J. Phillips, Changliu Liu, Jayesh K. Gupta, Katherine Driggs-Campbell, Mykel J. Kochenderfer",http://arxiv.org/abs/1903.05766v1,,,2019-03-14T00:02:03,2026-09-10T19:42:35.765325
1.0,RESEARCH_PAPER,"The Concept of the Deep Learning-Based System ""Artificial Dispatcher"" to Power System Control and Dispatch","Nikita Tomin, Victor Kurbatsky, Michael Negnevitsky",http://arxiv.org/abs/1805.05408v1,,,2018-05-07T07:21:42,2026-09-10T19:42:35.765352
1.0,RESEARCH_PAPER,Graph Signal Sampling via Reinforcement Learning,"Oleksii Abramenko, Alexander Jung",http://arxiv.org/abs/1805.05827v1,,,2018-05-15T14:46:45,2026-09-10T19:42:35.765379
1.0,RESEARCH_PAPER,Causal Reasoning for Algorithmic Fairness,"Joshua R. Loftus, Chris Russell, Matt J. Kusner, Ricardo Silva",http://arxiv.org/abs/1805.05859v1,,,2018-05-15T15:42:35,2026-09-10T19:42:35.765411
1.0,RESEARCH_PAPER,Metatrace Actor-Critic: Online Step-size Tuning by Meta-gradient Descent for Reinforcement Learning Control,"Kenny Young, Baoxiang Wang, Matthew E. Taylor",http://arxiv.org/abs/1805.04514v2,,,2018-05-10T20:00:50,2026-09-10T19:42:35.765439
1.0,RESEARCH_PAPER,Examining a hate speech corpus for hate speech detection and popularity prediction,"Filip Klubička, Raquel Fernández",http://arxiv.org/abs/1805.04661v1,,,2018-05-12T06:00:47,2026-09-10T19:42:35.765468
1.0,RESEARCH_PAPER,Do deep reinforcement learning agents model intentions?,"Tambet Matiisen, Aqeel Labash, Daniel Majoral, Jaan Aru, Raul Vicente",http://arxiv.org/abs/1805.06020v2,,,2018-05-15T20:15:05,2026-09-10T19:42:35.765497
1.0,RESEARCH_PAPER,Constructing Narrative Event Evolutionary Graph for Script Event Prediction,"Zhongyang Li, Xiao Ding, Ting Liu",http://arxiv.org/abs/1805.05081v2,,,2018-05-14T09:23:26,2026-09-10T19:42:35.765676
1.0,RESEARCH_PAPER,Optimized Computation Offloading Performance in Virtual Edge Computing Systems via Deep Reinforcement Learning,"Xianfu Chen, Honggang Zhang, Celimuge Wu, Shiwen Mao, Yusheng Ji, Mehdi Bennis",http://arxiv.org/abs/1805.06146v1,,,2018-05-16T06:21:02,2026-09-10T19:42:35.765746
1.0,RESEARCH_PAPER,A Theoretical Explanation for Perplexing Behaviors of Backpropagation-based Visualizations,"Weili Nie, Yang Zhang, Ankit Patel",http://arxiv.org/abs/1805.07039v4,,,2018-05-18T03:45:06,2026-09-10T19:42:35.765862
1.0,RESEARCH_PAPER,Text classification based on ensemble extreme learning machine,"Ming Li, Peilun Xiao, Ju Zhang",http://arxiv.org/abs/1805.06525v1,,,2018-05-10T06:10:46,2026-09-10T19:42:35.765937
1.0,RESEARCH_PAPER,Cross-Target Stance Classification with Self-Attention Networks,"Chang Xu, Cecile Paris, Surya Nepal, Ross Sparks",http://arxiv.org/abs/1805.06593v2,,,2018-05-17T03:39:23,2026-09-10T19:42:35.766000
1.0,RESEARCH_PAPER,A Formulation of Recursive Self-Improvement and Its Possible Efficiency,Wenyi Wang,http://arxiv.org/abs/1805.06610v1,,,2018-05-17T06:08:37,2026-09-10T19:42:35.766028
1.0,RESEARCH_PAPER,DeepLogic: Towards End-to-End Differentiable Logical Reasoning,"Nuri Cingillioglu, Alessandra Russo",http://arxiv.org/abs/1805.07433v3,,,2018-05-18T20:36:21,2026-09-10T19:42:35.766056
1.0,RESEARCH_PAPER,Deep Loopy Neural Network Model for Graph Structured Data Representation Learning,Jiawei Zhang,http://arxiv.org/abs/1805.07504v2,,,2018-05-19T03:33:20,2026-09-10T19:42:35.766086
1.0,RESEARCH_PAPER,FASK with Interventional Knowledge Recovers Edges from the Sachs Model,"Joseph Ramsey, Bryan Andrews",http://arxiv.org/abs/1805.03108v1,,,2018-05-06T15:49:04,2026-09-10T19:42:35.766114
1.0,RESEARCH_PAPER,"Motion Planning Among Dynamic, Decision-Making Agents with Deep Reinforcement Learning","Michael Everett, Yu Fan Chen, Jonathan P. How",http://arxiv.org/abs/1805.01956v1,,,2018-05-04T22:45:08,2026-09-10T19:42:35.766143
1.0,RESEARCH_PAPER,Causal programming: inference with structural causal models as finding instances of a relation,Joshua Brulé,http://arxiv.org/abs/1805.01960v1,,,2018-05-04T23:14:36,2026-09-10T19:42:35.766170
1.0,RESEARCH_PAPER,On the Conditional Logic of Simulation Models,"Duligur Ibeling, Thomas Icard",http://arxiv.org/abs/1805.02859v1,,,2018-05-08T07:08:13,2026-09-10T19:42:35.766200
1.0,RESEARCH_PAPER,Online normalizer calculation for softmax,"Maxim Milakov, Natalia Gimelshein",http://arxiv.org/abs/1805.02867v2,,,2018-05-08T07:34:17,2026-09-10T19:42:35.766533
1.0,RESEARCH_PAPER,Correlation Heuristics for Constraint Programming,"Ruiwei Wang, Wei Xia, Roland H. C. Yap",http://arxiv.org/abs/1805.02205v2,,,2018-05-06T13:09:17,2026-09-10T19:42:35.766623
1.0,RESEARCH_PAPER,Acquisition and use of knowledge over a restricted domain by intelligent agents,"Juliao Braga, Nizam Omar, Luciana F. Thome",http://arxiv.org/abs/1805.02241v1,,,2018-05-06T16:32:19,2026-09-10T19:42:35.766661
1.0,RESEARCH_PAPER,S4ND: Single-Shot Single-Scale Lung Nodule Detection,"Naji Khosravan, Ulas Bagci",http://arxiv.org/abs/1805.02279v2,,,2018-05-06T21:32:14,2026-09-10T19:42:35.766690
1.0,RESEARCH_PAPER,Policy Optimization with Second-Order Advantage Information,"Jiajin Li, Baoxiang Wang",http://arxiv.org/abs/1805.03586v2,,,2018-05-09T15:23:58,2026-09-10T19:42:35.766718
1.0,RESEARCH_PAPER,Learning Robust Search Strategies Using a Bandit-Based Approach,"Wei Xia, Roland H. C. Yap",http://arxiv.org/abs/1805.03876v1,,,2018-05-10T08:30:37,2026-09-10T19:42:35.766747
1.0,RESEARCH_PAPER,Learning Graph-Level Representations with Recurrent Neural Networks,"Yu Jin, Joseph F. JaJa",http://arxiv.org/abs/1805.07683v4,,,2018-05-20T00:26:37,2026-09-10T19:42:35.766774
1.0,RESEARCH_PAPER,Model Aggregation via Good-Enough Model Spaces,"Neel Guha, Virginia Smith",http://arxiv.org/abs/1805.07782v3,,,2018-05-20T15:58:14,2026-09-10T19:42:35.766801
1.0,RESEARCH_PAPER,Predicting Electricity Outages Caused by Convective Storms,"Roope Tervo, Joonas Karjalainen, Alexander Jung",http://arxiv.org/abs/1805.07897v1,,,2018-05-21T05:28:22,2026-09-10T19:42:35.766828
1.0,RESEARCH_PAPER,An Optimal Rewiring Strategy for Reinforcement Social Learning in Cooperative Multiagent Systems,"Hongyao Tang, Li Wang, Zan Wang, Tim Baarslag, Jianye Hao",http://arxiv.org/abs/1805.08588v1,,,2018-05-13T14:20:11,2026-09-10T19:42:35.766856
1.0,RESEARCH_PAPER,Computable Variants of AIXI which are More Powerful than AIXItl,Susumu Katayama,http://arxiv.org/abs/1805.08592v3,,,2018-05-22T14:09:49,2026-09-10T19:42:35.766884
1.0,RESEARCH_PAPER,Multi-robot Symmetric Rendezvous Search on the Line with an Unknown Initial Distance,Deniz Ozsoyeller,http://arxiv.org/abs/1805.08645v1,,,2018-05-21T08:05:24,2026-09-10T19:42:35.766976
1.0,RESEARCH_PAPER,Sparse Binary Compression: Towards Distributed Deep Learning with minimal Communication,"Felix Sattler, Simon Wiedemann, Klaus-Robert Müller, Wojciech Samek",http://arxiv.org/abs/1805.08768v1,,,2018-05-22T17:54:13,2026-09-10T19:42:35.767013
1.0,RESEARCH_PAPER,Reinforcement Learning of Theorem Proving,"Cezary Kaliszyk, Josef Urban, Henryk Michalewski, Mirek Olšák",http://arxiv.org/abs/1805.07563v1,,,2018-05-19T10:05:43,2026-09-10T19:42:35.767045
1.0,RESEARCH_PAPER,Deep learning generalizes because the parameter-function map is biased towards simple functions,"Guillermo Valle-Pérez, Chico Q. Camargo, Ard A. Louis",http://arxiv.org/abs/1805.08522v5,,,2018-05-22T11:51:36,2026-09-10T19:42:35.767074
1.0,RESEARCH_PAPER,Data-Efficient Hierarchical Reinforcement Learning,"Ofir Nachum, Shixiang Gu, Honglak Lee, Sergey Levine",http://arxiv.org/abs/1805.08296v4,,,2018-05-21T21:33:44,2026-09-10T19:42:35.767103
1.0,RESEARCH_PAPER,AgileNet: Lightweight Dictionary-based Few-shot Learning,"Mohammad Ghasemzadeh, Fang Lin, Bita Darvish Rouhani, Farinaz Koushanfar, Ke Huang",http://arxiv.org/abs/1805.08311v1,,,2018-05-21T22:36:11,2026-09-10T19:42:35.767132
1.0,RESEARCH_PAPER,Teaching Multiple Concepts to a Forgetful Learner,"Anette Hunziker, Yuxin Chen, Oisin Mac Aodha, Manuel Gomez Rodriguez, Andreas Krause, Pietro Perona, Yisong Yue, Adish Singla",http://arxiv.org/abs/1805.08322v4,,,2018-05-21T23:34:11,2026-09-10T19:42:35.767163
1.0,RESEARCH_PAPER,A New Finitely Controllable Class of Tuple Generating Dependencies: The Triangularly-Guarded Class,"Vernon Asuncion, Yan Zhang",http://arxiv.org/abs/1805.09157v1,,,2018-05-21T23:29:09,2026-09-10T19:42:35.767199
1.0,RESEARCH_PAPER,Concentric ESN: Assessing the Effect of Modularity in Cycle Reservoirs,"Davide Bacciu, Andrea Bongiorno",http://arxiv.org/abs/1805.09244v1,,,2018-05-23T15:58:57,2026-09-10T19:42:35.767228
1.0,RESEARCH_PAPER,Learning compositionally through attentive guidance,"Dieuwke Hupkes, Anand Singh, Kris Korrel, German Kruszewski, Elia Bruni",http://arxiv.org/abs/1805.09657v4,,,2018-05-20T10:33:00,2026-09-10T19:42:35.767259
1.0,RESEARCH_PAPER,Learning and Testing Causal Models with Interventions,"Jayadev Acharya, Arnab Bhattacharyya, Constantinos Daskalakis, Saravanan Kandasamy",http://arxiv.org/abs/1805.09697v1,,,2018-05-24T14:31:09,2026-09-10T19:42:35.767288
1.0,RESEARCH_PAPER,R-VQA: Learning Visual Relation Facts with Semantic Attention for Visual Question Answering,"Pan Lu, Lei Ji, Wei Zhang, Nan Duan, Ming Zhou, Jianyong Wang",http://arxiv.org/abs/1805.09701v2,,,2018-05-24T14:43:30,2026-09-10T19:42:35.767336
1.0,RESEARCH_PAPER,When Simple Exploration is Sample Efficient: Identifying Sufficient Conditions for Random Exploration to Yield PAC RL Algorithms,"Yao Liu, Emma Brunskill",http://arxiv.org/abs/1805.09045v4,,,2018-05-23T10:43:56,2026-09-10T19:42:35.767365
1.0,RESEARCH_PAPER,Intelligent Trainer for Model-Based Reinforcement Learning,"Yuanlong Li, Linsen Dong, Xin Zhou, Yonggang Wen, Kyle Guan",http://arxiv.org/abs/1805.09496v6,,,2018-05-24T03:08:40,2026-09-10T19:42:35.767393
1.0,RESEARCH_PAPER,Text-mining and ontologies: new approaches to knowledge discovery of microbial diversity,"Claire Nédellec, Robert Bossy, Estelle Chaix, Louise Deléger",http://arxiv.org/abs/1805.04107v2,,,2018-05-10T11:38:45,2026-09-10T19:42:35.767421
1.0,RESEARCH_PAPER,Dyna Planning using a Feature Based Generative Model,"Ryan Faulkner, Doina Precup",http://arxiv.org/abs/1805.10129v1,,,2018-05-23T23:23:34,2026-09-10T19:42:35.767448
1.0,RESEARCH_PAPER,Designing for Democratization: Introducing Novices to Artificial Intelligence Via Maker Kits,"Victor Dibia, Aaron Cox, Justin Weisz",http://arxiv.org/abs/1805.10723v3,,,2018-05-28T01:30:04,2026-09-10T19:42:35.767476
1.0,RESEARCH_PAPER,From Knowledge Graph Embedding to Ontology Embedding? An Analysis of the Compatibility between Vector Space Representations and Rules,"Víctor Gutiérrez-Basulto, Steven Schockaert",http://arxiv.org/abs/1805.10461v3,,,2018-05-26T10:56:47,2026-09-10T19:42:35.767505
1.0,RESEARCH_PAPER,A Pragmatic AI Approach to Creating Artistic Visual Variations by Neural Style Transfer,Chaehan So,http://arxiv.org/abs/1805.10852v1,,,2018-05-28T10:24:20,2026-09-10T19:42:35.767535
1.0,RESEARCH_PAPER,Hierarchical clustering with deep Q-learning,"Richard Forster, Agnes Fulop",http://arxiv.org/abs/1805.10900v1,,,2018-05-28T12:59:51,2026-09-10T19:42:35.767575
1.0,RESEARCH_PAPER,NengoDL: Combining deep learning and neuromorphic modelling methods,Daniel Rasmussen,http://arxiv.org/abs/1805.11144v3,,,2018-05-28T19:36:45,2026-09-10T19:42:35.767628
1.0,RESEARCH_PAPER,Deep Reinforcement Learning in Ice Hockey for Context-Aware Player Evaluation,"Guiliang Liu, Oliver Schulte",http://arxiv.org/abs/1805.11088v3,,,2018-05-26T19:23:51,2026-09-10T19:42:35.767683
1.0,RESEARCH_PAPER,COBRAS-TS: A new approach to Semi-Supervised Clustering of Time Series,"Toon Van Craenendonck, Wannes Meert, Sebastijan Dumancic, Hendrik Blockeel",http://arxiv.org/abs/1805.00779v1,,,2018-05-02T13:06:58,2026-09-10T19:42:35.767744
1.0,RESEARCH_PAPER,A Data-Driven Residential Transformer Overloading Risk Assessment Method,"Ming Dong, Benzhe Li, Alex Nassif",http://arxiv.org/abs/1805.00630v3,,,2018-05-02T05:22:56,2026-09-10T19:42:35.767800
1.0,RESEARCH_PAPER,Translating LPOD and CR-Prolog2 into Standard Answer Set Programs,"Joohyung Lee, Zhun Yang",http://arxiv.org/abs/1805.00643v1,,,2018-05-02T06:16:50,2026-09-10T19:42:35.767855
1.0,RESEARCH_PAPER,"Investigating Audio, Visual, and Text Fusion Methods for End-to-End Automatic Personality Prediction","Onno Kampman, Elham J. Barezi, Dario Bertero, Pascale Fung",http://arxiv.org/abs/1805.00705v2,,,2018-05-02T10:03:13,2026-09-10T19:42:35.767910
1.0,RESEARCH_PAPER,Multi-Source Fusion Operations in Subjective Logic,"Rens Wouter van der Heijden, Henning Kopp, Frank Kargl",http://arxiv.org/abs/1805.01388v1,,,2018-05-03T16:02:24,2026-09-10T19:42:35.767965
1.0,RESEARCH_PAPER,CLAUDETTE: an Automated Detector of Potentially Unfair Clauses in Online Terms of Service,"Marco Lippi, Przemyslaw Palka, Giuseppe Contissa, Francesca Lagioia, Hans-Wolfgang Micklitz, Giovanni Sartor, Paolo Torroni",http://arxiv.org/abs/1805.01217v2,,,2018-05-03T10:53:54,2026-09-10T19:42:35.768022
1.0,RESEARCH_PAPER,Depth and nonlinearity induce implicit exploration for RL,"Justas Dauparas, Ryota Tomioka, Katja Hofmann",http://arxiv.org/abs/1805.11711v1,,,2018-05-29T21:21:18,2026-09-10T19:42:35.768077
1.0,RESEARCH_PAPER,Learn to Combine Modalities in Multimodal Deep Learning,"Kuan Liu, Yanen Li, Ning Xu, Prem Natarajan",http://arxiv.org/abs/1805.11730v1,,,2018-05-29T22:24:48,2026-09-10T19:42:35.768133
1.0,RESEARCH_PAPER,Efficient Metropolitan Traffic Prediction Based on Graph Recurrent Neural Network,"Xiaoyu Wang, Cailian Chen, Yang Min, Jianping He, Bo Yang, Yang Zhang",http://arxiv.org/abs/1811.00740v1,,,2018-11-02T05:08:40,2026-09-10T19:42:35.768194
1.0,RESEARCH_PAPER,Learning Semantic Representations for Novel Words: Leveraging Both Form and Context,"Timo Schick, Hinrich Schütze",http://arxiv.org/abs/1811.03866v1,,,2018-11-09T11:44:05,2026-09-10T19:42:35.768249
1.0,RESEARCH_PAPER,Knowledge Tracing Machines: Factorization Machines for Knowledge Tracing,"Jill-Jênn Vie, Hisashi Kashima",http://arxiv.org/abs/1811.03388v2,,,2018-11-08T13:02:09,2026-09-10T19:42:35.768304
1.0,RESEARCH_PAPER,Explainable cardiac pathology classification on cine MRI with motion characterization by semi-supervised learning of apparent flow,"Qiao Zheng, Hervé Delingette, Nicholas Ayache",http://arxiv.org/abs/1811.03433v2,,,2018-11-08T14:22:05,2026-09-10T19:42:35.768360
1.0,RESEARCH_PAPER,PolyNeuron: Automatic Neuron Discovery via Learned Polyharmonic Spline Activations,"Andrew Hryniowski, Alexander Wong",http://arxiv.org/abs/1811.04303v1,,,2018-11-10T20:14:26,2026-09-10T19:42:35.768420
1.0,RESEARCH_PAPER,Langevin-gradient parallel tempering for Bayesian neural learning,"Rohitash Chandra, Konark Jain, Ratneel V. Deo, Sally Cripps",http://arxiv.org/abs/1811.04343v1,,,2018-11-11T03:53:54,2026-09-10T19:42:35.768475
1.0,RESEARCH_PAPER,Towards Governing Agent's Efficacy: Action-Conditional $β$-VAE for Deep Transparent Reinforcement Learning,"John Yang, Gyujeong Lee, Minsung Hyun, Simyung Chang, Nojun Kwak",http://arxiv.org/abs/1811.04350v1,,,2018-11-11T04:48:15,2026-09-10T19:42:35.768531
1.0,RESEARCH_PAPER,User Modeling for Task Oriented Dialogues,"Izzeddin Gur, Dilek Hakkani-Tur, Gokhan Tur, Pararth Shah",http://arxiv.org/abs/1811.04369v1,,,2018-11-11T08:21:55,2026-09-10T19:42:35.768593
1.0,RESEARCH_PAPER,Election with Bribed Voter Uncertainty: Hardness and Approximation Algorithm,"Lin Chen, Lei Xu, Shouhuai Xu, Zhimin Gao, Weidong Shi",http://arxiv.org/abs/1811.03158v1,,,2018-11-07T21:49:00,2026-09-10T19:42:35.768650
1.0,RESEARCH_PAPER,Towards Compositional Distributional Discourse Analysis,"Bob Coecke, Giovanni de Felice, Dan Marsden, Alexis Toumi",http://arxiv.org/abs/1811.03277v1,,,2018-11-08T05:14:19,2026-09-10T19:42:35.768707
1.0,RESEARCH_PAPER,New CleverHans Feature: Better Adversarial Robustness Evaluations with Attack Bundling,Ian Goodfellow,http://arxiv.org/abs/1811.03685v1,,,2018-11-08T21:30:57,2026-09-10T19:42:35.768762
1.0,RESEARCH_PAPER,A Very Brief and Critical Discussion on AutoML,Bin Liu,http://arxiv.org/abs/1811.03822v1,,,2018-11-09T09:07:52,2026-09-10T19:42:35.768818
1.0,RESEARCH_PAPER,Adaptive Regularization Algorithms with Inexact Evaluations for Nonconvex Optimization,"S. Bellavia, G. Gurioli, B. Morini, Ph. L. Toint",http://arxiv.org/abs/1811.03831v3,,,2018-11-09T09:39:53,2026-09-10T19:42:35.768874
1.0,RESEARCH_PAPER,Assessing the Contribution of Semantic Congruency to Multisensory Integration and Conflict Resolution,"Di Fu, Pablo Barros, German I. Parisi, Haiyan Wu, Sven Magg, Xun Liu, Stefan Wermter",http://arxiv.org/abs/1810.06748v1,,,2018-10-15T23:22:10,2026-09-10T19:42:35.768931
1.0,RESEARCH_PAPER,Assumption-Based Planning,"Damien Pellier, Humbert Fiorino",http://arxiv.org/abs/1810.08431v1,,,2018-10-19T10:26:27,2026-09-10T19:42:35.768986
1.0,RESEARCH_PAPER,Towards Robot-Centric Conceptual Knowledge Acquisition,"Georg Jäger, Christian A. Mueller, Madhura Thosar, Sebastian Zug, Andreas Birk",http://arxiv.org/abs/1810.03583v1,,,2018-10-08T17:14:58,2026-09-10T19:42:35.769048
1.0,RESEARCH_PAPER,Multi-agent Deep Reinforcement Learning for Zero Energy Communities,"Amit Prasad, Ivana Dusparic",http://arxiv.org/abs/1810.03679v2,,,2018-10-08T19:58:46,2026-09-10T19:42:35.769110
1.0,RESEARCH_PAPER,The Institutional Approach,Robert E. Kent,http://arxiv.org/abs/1810.08074v1,,,2018-10-17T17:59:56,2026-09-10T19:42:35.769165
1.0,RESEARCH_PAPER,Dynamic Ensemble Active Learning: A Non-Stationary Bandit with Expert Advice,"Kunkun Pang, Mingzhi Dong, Yang Wu, Timothy M. Hospedales",http://arxiv.org/abs/1810.07778v1,,,2018-09-29T14:29:02,2026-09-10T19:42:35.769221
1.0,RESEARCH_PAPER,A general learning system based on neuron bursting and tonic firing,Hin Wai Lui,http://arxiv.org/abs/1810.09084v1,,,2018-10-22T04:52:39,2026-09-10T19:42:35.769277
1.0,RESEARCH_PAPER,Mean-based Heuristic Search for Real-Time Planning,"Damien Pellier, Bruno Bouzy, Marc Métivier",http://arxiv.org/abs/1810.09150v1,,,2018-10-22T09:32:55,2026-09-10T19:42:35.769357
1.0,RESEARCH_PAPER,Effective extractive summarization using frequency-filtered entity relationship graphs,"Archit Sakhadeo, Nisheeth Srivastava",http://arxiv.org/abs/1810.10419v1,,,2018-10-24T14:30:39,2026-09-10T19:42:35.769416
1.0,RESEARCH_PAPER,"A Description Logic Framework for Commonsense Conceptual Combination Integrating Typicality, Probabilities and Cognitive Heuristics","Antonio Lieto, Gian Luca Pozzato",http://arxiv.org/abs/1811.02366v4,,,2018-11-06T14:28:43,2026-09-10T19:42:35.769472
1.0,RESEARCH_PAPER,Role of Awareness and Universal Context in a Spiking Conscious Neural Network (SCNN): A New Perspective and Future Directions,Ahsan Adeel,http://arxiv.org/abs/1811.01701v1,,,2018-11-05T14:12:23,2026-09-10T19:42:35.769542
1.0,RESEARCH_PAPER,META-DES.H: a dynamic ensemble selection technique using meta-learning and a dynamic weighting approach,"Rafael M. O. Cruz, Robert Sabourin, George D. C. Cavalcanti",http://arxiv.org/abs/1811.01742v1,,,2018-11-01T23:28:01,2026-09-10T19:42:35.769776
1.0,RESEARCH_PAPER,On Meta-Learning for Dynamic Ensemble Selection,"Rafael M. O. Cruz, Robert Sabourin, George D. C. Cavalcanti",http://arxiv.org/abs/1811.01743v1,,,2018-11-01T23:13:38,2026-09-10T19:42:35.769860
1.0,RESEARCH_PAPER,"Plan Online, Learn Offline: Efficient Learning and Exploration via Model-Based Control","Kendall Lowrey, Aravind Rajeswaran, Sham Kakade, Emanuel Todorov, Igor Mordatch",http://arxiv.org/abs/1811.01848v3,,,2018-11-05T17:09:18,2026-09-10T19:42:35.769898
1.0,RESEARCH_PAPER,Bootstrapping single-channel source separation via unsupervised spatial clustering on stereo mixtures,"Prem Seetharaman, Gordon Wichern, Jonathan Le Roux, Bryan Pardo",http://arxiv.org/abs/1811.02130v1,,,2018-11-06T02:20:40,2026-09-10T19:42:35.769928
1.0,RESEARCH_PAPER,Semantic bottleneck for computer vision tasks,"Maxime Bucher, Stéphane Herbin, Frédéric Jurie",http://arxiv.org/abs/1811.02234v1,,,2018-11-06T09:01:02,2026-09-10T19:42:35.769955
1.0,RESEARCH_PAPER,Computing the Value of Computation for Planning,Can Eren Sezener,http://arxiv.org/abs/1811.03035v1,,,2018-11-07T17:39:24,2026-09-10T19:42:35.769982
1.0,RESEARCH_PAPER,Towards a Near Universal Time Series Data Mining Tool: Introducing the Matrix Profile,Chin-Chia Michael Yeh,http://arxiv.org/abs/1811.03064v2,,,2018-11-05T09:21:33,2026-09-10T19:42:35.770008
1.0,RESEARCH_PAPER,Prototypical Clustering Networks for Dermatological Disease Diagnosis,"Viraj Prabhu, Anitha Kannan, Murali Ravuri, Manish Chablani, David Sontag, Xavier Amatriain",http://arxiv.org/abs/1811.03066v1,,,2018-11-07T18:27:41,2026-09-10T19:42:35.770037
1.0,RESEARCH_PAPER,On the Complexity of Reconnaissance Blind Chess,"Jared Markowitz, Ryan W. Gardner, Ashley J. Llorens",http://arxiv.org/abs/1811.03119v2,,,2018-11-07T19:20:21,2026-09-10T19:42:35.770063
1.0,RESEARCH_PAPER,Evolutionary Data Measures: Understanding the Difficulty of Text Classification Tasks,"Edward Collins, Nikolai Rozanov, Bingbing Zhang",http://arxiv.org/abs/1811.01910v2,,,2018-11-05T18:39:54,2026-09-10T19:42:35.770091
1.0,RESEARCH_PAPER,Nearly-tight bounds on linear regions of piecewise linear neural networks,"Qiang Hu, Hao Zhang",http://arxiv.org/abs/1810.13192v4,,,2018-10-31T10:08:40,2026-09-10T19:42:35.770117
1.0,RESEARCH_PAPER,Learning Abstract Options,"Matthew Riemer, Miao Liu, Gerald Tesauro",http://arxiv.org/abs/1810.11583v4,,,2018-10-27T02:54:59,2026-09-10T19:42:35.770144
1.0,RESEARCH_PAPER,SafeRoute: Learning to Navigate Streets Safely in an Urban Environment,"Sharon Levy, Wenhan Xiong, Elizabeth Belding, William Yang Wang",http://arxiv.org/abs/1811.01147v1,,,2018-11-03T03:16:11,2026-09-10T19:42:35.770170
1.0,RESEARCH_PAPER,Invertible Residual Networks,"Jens Behrmann, Will Grathwohl, Ricky T. Q. Chen, David Duvenaud, Jörn-Henrik Jacobsen",http://arxiv.org/abs/1811.00995v3,,,2018-11-02T17:17:55,2026-09-10T19:42:35.770197
1.0,RESEARCH_PAPER,Unsupervised Learning of Interpretable Dialog Models,"Dhiraj Madan, Dinesh Raghu, Gaurav Pandey, Sachindra Joshi",http://arxiv.org/abs/1811.01012v1,,,2018-11-02T17:56:23,2026-09-10T19:42:35.770222
1.0,RESEARCH_PAPER,Learning to Rank Query Graphs for Complex Question Answering over Knowledge Graphs,"Gaurav Maheshwari, Priyansh Trivedi, Denis Lukovnikov, Nilesh Chakraborty, Asja Fischer, Jens Lehmann",http://arxiv.org/abs/1811.01118v1,,,2018-11-02T22:59:31,2026-09-10T19:42:35.770250
1.0,RESEARCH_PAPER,Automated Theorem Proving in Intuitionistic Propositional Logic by Deep Reinforcement Learning,"Mitsuru Kusumoto, Keisuke Yahata, Masahiro Sakai",http://arxiv.org/abs/1811.00796v1,,,2018-11-02T09:49:18,2026-09-10T19:42:35.770276
1.0,RESEARCH_PAPER,Quantum Structures in Human Decision-making: Towards Quantum Expected Utility,Sandro Sozzo,http://arxiv.org/abs/1811.00875v1,,,2018-10-29T12:29:51,2026-09-10T19:42:35.770301
1.0,RESEARCH_PAPER,Hybrid Pruning: Thinner Sparse Networks for Fast Inference on Edge Devices,"Xiaofan Xu, Mi Sun Park, Cormac Brick",http://arxiv.org/abs/1811.00482v1,,,2018-11-01T16:24:50,2026-09-10T19:42:35.770329
1.0,RESEARCH_PAPER,Learning Beam Search Policies via Imitation Learning,"Renato Negrinho, Matthew R. Gormley, Geoffrey J. Gordon",http://arxiv.org/abs/1811.00512v2,,,2018-11-01T17:31:10,2026-09-10T19:42:35.770355
1.0,RESEARCH_PAPER,Taylor-based Optimized Recursive Extended Exponential Smoothed Neural Networks Forecasting Method,"Emna Krichene, Wael Ouarda, Habib Chabchoub, Adel M. Alimi",http://arxiv.org/abs/1811.00323v1,,,2018-11-01T11:39:49,2026-09-10T19:42:35.770380
1.0,RESEARCH_PAPER,A Novel Predictive-Coding-Inspired Variational RNN Model for Online Prediction and Recognition,"Ahmadreza Ahmadi, Jun Tani",http://arxiv.org/abs/1811.01339v3,,,2018-11-04T08:56:50,2026-09-10T19:42:35.770406
1.0,RESEARCH_PAPER,Logic Attention Based Neighborhood Aggregation for Inductive Knowledge Graph Embedding,"Peifeng Wang, Jialong Han, Chenliang Li, Rong Pan",http://arxiv.org/abs/1811.01399v2,,,2018-11-04T16:39:28,2026-09-10T19:42:35.770434
1.0,RESEARCH_PAPER,Contingency-Aware Exploration in Reinforcement Learning,"Jongwook Choi, Yijie Guo, Marcin Moczulski, Junhyuk Oh, Neal Wu, Mohammad Norouzi, Honglak Lee",http://arxiv.org/abs/1811.01483v3,,,2018-11-05T02:12:11,2026-09-10T19:42:35.770463
1.0,RESEARCH_PAPER,A Framework for Robot Programming in Cobotic Environments: First user experiments,"Ying Siu Liang, Damien Pellier, Humbert Fiorino, Sylvie Pesty",http://arxiv.org/abs/1810.08492v1,,,2018-10-19T13:29:36,2026-09-10T19:42:35.770489
1.0,RESEARCH_PAPER,Optimization of Molecules via Deep Reinforcement Learning,"Zhenpeng Zhou, Steven Kearnes, Li Li, Richard N. Zare, Patrick Riley",http://arxiv.org/abs/1810.08678v3,,,2018-10-19T20:23:44,2026-09-10T19:42:35.770515
